sim,Vanilla Grad,IG-zero,SmoothGrad,ExpGrad,IDG,Blur-IG,Guided IG,KLIG-Adaptive,KL-IG (linear),KL-IG²,KL-IG² (adaptive)
0.7778064168180465,0.023332433182699425,0.02112175681681641,0.03473712474346775,0.02972358771775992,0.02038194382935703,0.03597703786010772,0.029389134505230913,0.029931448018071356,0.029494019992166744,0.017434959775746058,0.018120420654052078
0.7415790267631406,0.022389173012147337,0.027011526464811114,0.03541104750717295,0.029191188604949153,0.02046499815536725,0.03556898090912351,0.0297954033758015,0.03480690559203638,0.033877691479360754,0.024679226341440114,0.028117110820603742
0.47094073580383794,0.014156784619913468,0.014460834534911794,0.01732736581946083,0.01637443361825364,0.01471947317950575,0.02116048381163269,0.016187592307914146,0.018431079226974303,0.018827456349775055,0.017726766491028955,0.018217807321831397
0.9793259594371858,0.004819486147261487,0.0040513751095326385,0.016667916080690206,0.010798940041932848,0.0031319782869352482,0.012517407720980738,0.0133086441902048,0.01291155674511323,0.013491995852242806,0.009464778514646425,0.012765665359074935
0.04518081815586226,0.012722130354852534,0.012657456159782244,0.017634452679089124,0.016269027363048187,0.011067958366792434,0.021211075856725024,0.013137219203384334,0.019973366958459957,0.01771143225567318,0.0185626445313676,0.01877415725154608
0.82722608828197,0.009796359663862029,0.009613780593134927,0.008956772935499336,0.008343409475240177,0.008568214222303423,0.013771044815288487,0.007829870213877885,0.009252275569586743,0.00945651894308236,0.0056262664752948725,0.005982852615105034
0.6861563120765664,0.02597262533059593,0.024535096436411868,0.031243973697667352,0.026288412570827847,0.019677645084753066,0.029795050857106188,0.03047650902897203,0.028194938983408645,0.03203381043602707,0.030662318512009044,0.026834514769946784
0.4391232055748498,0.011410468183363125,0.01846840947047823,0.028231553652147853,0.01962715728664656,0.012660304374445982,0.036434729134281064,0.02014663965642741,0.029842698016451237,0.026621809368914135,0.020988824501014025,0.025642192581510667
0.4682597501764236,0.017782446346818786,0.026493243067844143,0.03427344458730121,0.023664728257513187,0.02212157527944872,0.027113329213472256,0.02398363763430145,0.027863369886955973,0.025267338377680738,0.028054346251354445,0.030449732759721803
0.35016207922780934,0.025539859368260892,0.026991778027925382,0.023138564233298825,0.02584782796723343,0.028496671666026402,0.02057024349426495,0.025617644950177192,0.029336066775226287,0.02600167863115866,0.025242113417862897,0.028808845618738175
0.7166241953881385,0.015881643243521433,0.014570011016564683,0.02797774803202131,0.019820966838553222,0.011042517876242797,0.040649889712221214,0.026193657187093412,0.02738453573336597,0.027267935985850582,0.02887321743838958,0.026523540614243685
0.7922406325066904,0.028109105193468188,0.03847138258918214,0.042876670144931156,0.03940894940969775,0.025048525942317882,0.03925133676218291,0.039441636933732614,0.04882005773535221,0.05546070947185727,0.03392665129970391,0.025152410813971904
0.269472625732457,0.0107181832759159,0.012131984200130978,0.020784059347262508,0.01364693415244386,0.008606359022150052,0.022032498092285975,0.013824896126034004,0.017365321982860945,0.01909275189372302,0.01791852562998096,0.015585351878522086
0.35379747556182156,0.01011931039055146,0.009795969891349735,0.012208564520742754,0.011095182962001595,0.009765572573145613,0.01195936142577074,0.010758498339791738,0.013068159179950651,0.012233669597193362,0.009919642366758685,0.011602857157353685
0.7256103431577892,0.016006386925342838,0.016728313730164982,0.0190161239052875,0.021852216482228737,0.015464169329870263,0.025091543926158578,0.019666259309905475,0.030042471805183612,0.02309509950459074,0.02118605417840183,0.019626946692424707
0.9088303155074592,0.021145262866050413,0.018637008673194826,0.02726008713553743,0.021475573316921726,0.014629611980261106,0.030872526888629803,0.020262241453206917,0.020317119814912608,0.02442688402351134,0.02266397479121374,0.024606854903580104
0.5866428749596184,0.006580710767010019,0.00964928272462898,0.01607840932849269,0.012402715481651127,0.0071814954932993245,0.017813072996487468,0.012951317590516653,0.01613719016873527,0.017218926246723446,0.010860073983141559,0.010126326452769405
0.7490454513724373,0.015389226989582545,0.01711809248949338,0.01010098424343503,0.01279278988802145,0.0163808519011253,0.01640932945740646,0.011975631198765572,0.00949808200618432,0.012969881853866931,0.013048826876009788,0.01165948575527307
0.29006945561149494,0.015848305771124734,0.01374177129493594,0.012657734770621647,0.013325741319412792,0.014139678978500906,0.012386085071381706,0.011906498115220945,0.011051143810626723,0.012417130386394755,0.01614447532206992,0.014429367186049667
0.49932225307210604,0.02302004121773781,0.026554858344585576,0.029877317089170928,0.023882382523713573,0.020814573167986856,0.031213775109411018,0.025503366689690478,0.029582999590682786,0.03130259392887606,0.030996475013365884,0.03118570605848662
0.8007647100301551,0.006901347421586549,0.00761285053462872,0.011344120221958406,0.009421417594652592,0.005869737566486213,0.010911029768281994,0.009059542436935623,0.009225458895899558,0.012712305162437694,0.007336654104370598,0.010328608735353347
0.33215407411615877,0.0052570462009573025,0.003985160765807783,0.006553594143781106,0.00570238042849229,0.004611647795903186,0.006346971167588566,0.005245740105596038,0.0069875726748102615,0.006099050780291015,0.006066041472723683,0.00686312843160317
0.4287696910319697,0.023991052821955683,0.03332146761625489,0.03213134299812661,0.031327477881949596,0.02740343226075016,0.02550464473396635,0.03643281692552904,0.03516916424327556,0.038043573432877495,0.027515835022321026,0.028408380665920073
0.6082309406346651,0.013268328835370671,0.011222687056284621,0.012467872939561997,0.012340736312917993,0.011461644805504694,0.01245675513038122,0.012714863901817431,0.01231799578242775,0.012065553624652508,0.01268497284606554,0.013020282834064702
0.16635318259962373,0.01052504223054865,0.012028410592057837,0.013625953512534941,0.0129004650881891,0.012275826895824453,0.014001327531121542,0.01344525289421611,0.011752499709619404,0.015113594841468687,0.013158039777789088,0.012957040095024465
0.759194484210505,0.018935885146046754,0.019739580411626167,0.014017099508041917,0.016883180187420053,0.02415530274476288,0.018838681655438064,0.014206338735860755,0.015021642263598785,0.018151467430162323,0.010382651001926884,0.01167164993927077
0.5175009020574745,0.014909794406498852,0.015067107515007273,0.014519147407277597,0.01399182268757126,0.014641343653558642,0.008460579611027674,0.012240757318404554,0.01485265371626251,0.012747255129528956,0.01245903142124682,0.013146630329936917
0.621871507150744,0.005029295050498332,0.004907886507530216,0.008559540976331742,0.006068475501642166,0.0039996394891317795,0.006607446270672186,0.005463922428930458,0.006948922927464627,0.008063322077783146,0.007736250448995591,0.007218576931104104
0.40692012841435043,0.012340381474860957,0.01866867529044042,0.013282633229274636,0.014161095252288815,0.013925823493906631,0.0180189859900011,0.01308993814380071,0.011306977142486256,0.014675533799835543,0.017393229114576882,0.014067088394162472
0.8032490029023842,0.025122339132012474,0.025343869474640835,0.03258323201844291,0.02781204578714713,0.02337898598125347,0.02361950590518618,0.029028812406649764,0.029638585668599764,0.02880998877118676,0.028371297792819074,0.03001576725281641
0.6969590489739571,0.014636842100449379,0.018884048800512716,0.01973537406015616,0.01758676870989158,0.015548490078090511,0.02345590736523102,0.01970543081287921,0.021620730266321476,0.02183600469573253,0.018402607314776644,0.018889843253500994
0.3473522042354737,0.012029006580837843,0.0141465318510676,0.02198091197658048,0.019944570895203788,0.012012688152325387,0.015974882784234316,0.018359492067307123,0.023952356911051076,0.02450704560183605,0.02256920232175981,0.021372369847774967
0.6230285926416963,0.00979946730403769,0.01157489961696186,0.02018289336969183,0.0179346472099003,0.009018196507304815,0.02540137407757154,0.01862777499771951,0.02434130114603683,0.024009790432398988,0.015867776834812466,0.015985392660699278
0.4390678599320561,0.005105366489495488,0.005157187030764461,0.0045008650772378105,0.0054241856393641786,0.005414341766600546,0.005616260640773598,0.004611237852274285,0.0060413790710561665,0.005741168754760742,0.0044799350599987,0.004366685461487515
0.37006427327504454,0.009705946140113024,0.006862092989324291,0.008952531721626184,0.00783734073675767,0.007105971081221972,0.011131846894680386,0.00816631143353922,0.00921151545463621,0.007319087057633631,0.010389280406989035,0.009284780917954098
0.4028417159204845,0.014247065487797488,0.015411580800306834,0.013902898606269781,0.013766450778502193,0.013241812778216096,0.01531518654906425,0.01265378539958368,0.015726754978679446,0.01453185727980371,0.015660297848187253,0.014725494633668674
0.3075851261649346,0.013884527619143132,0.011744764714681897,0.01617873811321546,0.015240696795361304,0.011501770289919598,0.016721357286372394,0.014080226275257887,0.013979946940719867,0.015378110866558993,0.016077158020845344,0.015521506986817181
0.16057438187539275,0.01126740618760161,0.012332161169155547,0.010531647325198361,0.011374066316791134,0.011192024550420699,0.011122265208196183,0.010048346961821296,0.01206766666152474,0.01194975887054005,0.011148217789009545,0.010999412795852585
0.5568402666356612,0.00851494337619817,0.009870244249087955,0.016065832429746747,0.016151717643689858,0.007423789491065275,0.01989791318215463,0.013598947610869135,0.025534813716855235,0.023382302767168846,0.011942731355063735,0.015025796646691823
0.4423509827016235,0.011434789661778601,0.011977161541538679,0.03126779562973381,0.024035047240000877,0.009252225131903997,0.032264815141561015,0.020856455149048235,0.040005731898042386,0.039365451534348075,0.011942623103819406,0.010799586889354729
0.49402347100646377,0.022884756856815534,0.01838109050534686,0.028890745698204833,0.015098689171800099,0.016672532410039007,0.028590407566971825,0.02026215836888327,0.017116704693339074,0.016659102743822738,0.01775715198997834,0.01588078221566839
0.5655329456682116,0.02662234511461433,0.027019473506891874,0.031295165073811894,0.02661090184902077,0.026064739500010075,0.028043747516865815,0.02602718519218812,0.02585896573515005,0.027800560058102212,0.02851371655718638,0.02654159515711822
0.41296400417758106,0.020115233067953205,0.01908107569417029,0.017306808966528853,0.018551251564022854,0.01943959932012512,0.019820816181311856,0.017923759093457742,0.01716372810038261,0.01717257522493323,0.017920901825976318,0.017959723403861195
0.596794308229182,0.005382916789481779,0.004801771611516966,0.006737563540854448,0.005230866127563368,0.004090335947117176,0.0062066835299271735,0.0054734816038775,0.0048951557347890326,0.0059076275592131414,0.0058438908291181405,0.006610868279103672
0.20359347781476186,0.011685409988353239,0.011852441299885212,0.018227255389366176,0.01828926595449012,0.009915003470999367,0.022238466449681776,0.02032703823236904,0.025883774670281454,0.022372841684617614,0.016881068461625185,0.01900903806127418
0.13849650646341427,0.007024196779735071,0.008727359947671048,0.01674294328290768,0.011695639474785394,0.006871644014327992,0.014150946546282394,0.013732754210881118,0.013890649744600655,0.018599180326905638,0.015101186833963196,0.012001600726191535
0.4195065868182919,0.021516713332926284,0.019813788896599197,0.028531862035532183,0.026291606554041454,0.02062686207155098,0.026089386646236497,0.025944842624172106,0.02817981918479742,0.029710135995770565,0.02639103695156628,0.027804136970310027
0.7966881786944351,0.010906607670553268,0.013616252911443423,0.020972570956275364,0.01903653544996817,0.010499603020304095,0.01702904347889264,0.016414951023405736,0.020869777858527883,0.022264854253490042,0.018951298477092902,0.01864529290146672
0.7496929591206797,0.014516733332515745,0.020884904800116417,0.033107307433688414,0.025324303785500036,0.013365041069768232,0.03272552405323006,0.026732544249062726,0.037069378386666046,0.03664924532625549,0.02265694454617589,0.021424429383180874
0.2265901504036802,0.019052649911227494,0.02182762058681881,0.010131368664860045,0.02105269527168684,0.02107338626524339,0.025680675215508698,0.018150119691189338,0.020722746601736158,0.022073935246918024,0.017586743392030042,0.012772341157977684
0.5972871953806786,0.016041923318691486,0.018099311433677046,0.020369337575006526,0.02019708113107452,0.01842989966889428,0.017576045565497342,0.01825443387786945,0.02041240655218763,0.021365441745454353,0.01861261038253968,0.01825574073224971
0.44341150910330135,0.009461210172225353,0.00900820103711941,0.014906890812566886,0.011437675743676944,0.00806630985837039,0.021328443580204273,0.01170447071587454,0.009636533514654232,0.01170651774563409,0.020563093829754357,0.014331829417653805
0.15799512836016713,0.00774042796097419,0.0064380687115048974,0.00940943412510226,0.008724464622525071,0.006607139071839932,0.010699969790800418,0.008037042586847964,0.009046066145965538,0.009039801856272987,0.011083020408762809,0.010575111812498952
0.6327629831762517,0.001550274810630069,0.0020885236758676744,0.007018871387520744,0.0045997414902713306,0.001673728196326171,0.006997455160618352,0.006211361546314672,0.009502104893081722,0.009443655541816608,0.003913375845871322,0.0045708012090748444
0.5768283230991742,0.010245714743547253,0.009581887310625571,0.01132262071705586,0.00948843617044649,0.009188470455063047,0.009466669436939927,0.008272452830810172,0.008857713378127002,0.009859492230434854,0.01064867086634149,0.011370571639872889
0.43414935808581795,0.010180407087440458,0.012695396862038388,0.014496304601399702,0.014800823730260008,0.010852297197221049,0.016769715362609378,0.013753458073909786,0.019453405917082323,0.01913918460862224,0.01808632735505615,0.0170665436464509
0.2519198028944397,0.011835091938870987,0.01066508945540436,0.008509835464961837,0.01024411940834826,0.011971959346539714,0.011923304333184845,0.011004499841454143,0.01235522658262634,0.011547682018299758,0.010303018112510763,0.011695256471073943
0.8072999270417691,0.007476614297965834,0.007984942637851596,0.006000273593677983,0.007307733654250793,0.008013091985397227,0.009000810143023352,0.007754785108185086,0.007328823151864259,0.007150456312031644,0.007338176687551616,0.006935665096981324
0.5075391692580667,0.02833487835298679,0.023452674469840173,0.0376287512985066,0.030532895379898936,0.02186678980244315,0.032776853258616304,0.03229463746953771,0.032327995502762,0.03462415408277899,0.03327097039739508,0.03307477021926941
0.36065353198531214,0.017223100948882075,0.020152071088288384,0.020028579554986412,0.02151237025869512,0.019705382262795872,0.02467623316210615,0.021067950332085552,0.02655864761678283,0.0248232265560906,0.018273338726655222,0.018450428058726296
0.09538508885615998,0.006703805390442935,0.007502671018477805,0.011477243713300295,0.009406274648288243,0.0056782347411581365,0.012904871963952626,0.009843271962727352,0.010625785387150496,0.010694757658456561,0.010329290645870544,0.01005481014014129
0.25983711620123795,0.017945347756357977,0.016266243714688013,0.017691211620203727,0.01659864382382128,0.016673619992191743,0.017358726598292365,0.017049114549268524,0.01810462353203151,0.016313745518100255,0.017639651031395826,0.017887537952468495
0.6258105773655919,0.004349176750556035,0.0036715350532861082,0.012056938300554347,0.006099172923757673,0.0033280469729386757,0.008652391953089774,0.0077076523716636735,0.006897680084486781,0.008649891362389158,0.00870381029559509,0.010419205378784544
0.3496234643181096,0.005171890623741609,0.006080007144923866,0.010284844556531787,0.007723521270854296,0.004474148724494607,0.010141941235520351,0.0073667949433065035,0.011286124935217044,0.01094465381996757,0.006325018379424043,0.007073317246522756
0.3028724359584778,0.02438555914118578,0.023863928209802335,0.01831041734438855,0.02192860272821903,0.02440135244682585,0.020058113130662022,0.02092284662357632,0.02040298788576922,0.021222182160160627,0.023736634802113375,0.023000792637868504
0.2581006082339569,0.013106875012611215,0.01184038758504711,0.013758653388661491,0.012084495869436924,0.012223051887223625,0.016597949529227638,0.012106806041392594,0.017231357448553232,0.014117180100636182,0.014443271281507793,0.01486867089011567
0.21328950274465105,0.00789435469897335,0.008110180065659837,0.011643633695462096,0.011536751214802382,0.008342132547936199,0.011936230713528138,0.009791741968769868,0.013654052389714552,0.014741187893569095,0.009801627400411201,0.009863405058677985
0.6188144348247552,0.012284448124950121,0.013087302415803312,0.01929699370759728,0.016854930574268696,0.012376488143218069,0.022301347486241213,0.01594242832072737,0.019802632515307544,0.020571841455791953,0.01890744554711215,0.0198333544115434
0.5763921849986543,0.01571007937688447,0.017271522959356973,0.015485079407766049,0.01507984845519583,0.01683514447621561,0.01837583514916135,0.016163356094851415,0.014831929622993756,0.016134469187150773,0.01461629781177853,0.014336004164296132
0.08067460272108572,0.008495386907297208,0.008426591066263006,0.006867308510211875,0.00879868544254753,0.008572610523955426,0.0082355535315361,0.007169635580291379,0.008667750291602425,0.008041694717468025,0.008851021168342204,0.008365994671656007
0.22825591475025217,0.012195142766236157,0.0177693043117177,0.01565860620222679,0.01639620810437249,0.016237723970897063,0.018882431961915587,0.01576619435240139,0.01896766742250802,0.019083172292678734,0.012815583627008659,0.0162260910633729
0.18100158090208632,0.005924935273597336,0.011386237919701989,0.009583175596198864,0.009828081473201586,0.008107883984987642,0.022659255235274685,0.014219481878340122,0.01680688943876977,0.015488012117894714,0.010981922499901944,0.010287670518188283
0.09724585075343017,0.005285091959523788,0.006245646992037486,0.008799667955490722,0.007138944422726761,0.004616713626038699,0.008688233616173274,0.0075753485449271876,0.009272517877321158,0.009100469890991388,0.007794383292393113,0.007184111609908512
0.5289744006233742,0.01545982575126974,0.016423455395521463,0.021579417672917697,0.01921819924769632,0.014692878540259057,0.01558546894082555,0.019270550689186507,0.021484960696816914,0.02271062646900147,0.018241521412588786,0.019630351945018335
0.38021525615684987,0.012373495748261722,0.01055129825406808,0.008884741934515238,0.009437051573913051,0.011613302873201696,0.010990628617158769,0.009782240285793107,0.0099801143333903,0.00843791796487302,0.013063902805224457,0.013904399450191354
0.13257065006140512,0.012060865869305928,0.015658458367544623,0.02460646499423526,0.017984309519510046,0.00995122214113378,0.017249305747763382,0.01824131950457699,0.02502561595552927,0.02456477615773116,0.016140958546473586,0.01657685843045512
0.31461582170394603,0.018760472687146743,0.019826865064194524,0.019571820135536953,0.018867502525820184,0.019576329136586936,0.01886657507431334,0.020065478459671816,0.019876956747636565,0.0204120948162583,0.019038535035431254,0.020281196446497764
0.2553742239988092,0.021269086145556445,0.027626928524410586,0.020611717635678362,0.02502881536143885,0.027588436325121264,0.02938843897421328,0.02283905643615261,0.027218768708765825,0.02504663464008988,0.021203467250432248,0.01964274339959763
0.49778308296736107,0.018182948217659135,0.017962352037248937,0.018301769609040515,0.01867076132147927,0.01973655969411625,0.021667865805827812,0.022100004755337365,0.022606616807034238,0.023260579546095294,0.020034230952859135,0.019422841233242113
0.3971271846363543,0.020083914118059678,0.020239032399606265,0.020648287126887332,0.0202019163134932,0.019140953649399373,0.01870307720895264,0.019362058258296316,0.02176378084197209,0.02191481638430846,0.019417296390829866,0.019669051468056982
0.5968514868263315,0.013259343023369504,0.013324976980096518,0.01901527530550442,0.017291539129131752,0.011835167648135242,0.018138589628991723,0.016322404474520817,0.02337996866897356,0.019522656935058592,0.01569318564783999,0.01835840420023574
0.4519613402882313,0.013559395957885021,0.01256060929997735,0.03171380891509098,0.012770440199665164,0.008584405592204778,0.031000607123204443,0.015590352226217427,0.01525021568789035,0.022366716421356878,0.018606501577154686,0.015104180134569763
0.4790000713985046,0.030797573961709603,0.030670590069795,0.01913092458323114,0.02955521417456678,0.032237993371983666,0.024257799527193095,0.0229276804520097,0.03047826132063704,0.027553358682180933,0.019165978242710945,0.023574476283015795
0.4356245622206107,0.01213837069125246,0.017447916311786316,0.02413273593611131,0.020893041051036735,0.014917462807702666,0.02363931890359421,0.017550948757616067,0.026167293537253028,0.028977772202883223,0.01895248598911909,0.017113010823797684
0.758639004146186,0.017097284157378406,0.017347382502570098,0.016905376514254535,0.01865142096398274,0.01777038573238356,0.018370450257588666,0.022248216401607568,0.01664385464426213,0.01805392942788108,0.01788897774558055,0.01788489059928211
0.47852340327825926,0.02376065901780749,0.022391189133087797,0.04305408117747311,0.029590691961469004,0.020459032639021366,0.03451916692430166,0.027373124520860388,0.0354549322136312,0.03618823502793469,0.030022284020986088,0.028802932535349858
0.6105113636722608,0.012153043465029973,0.014717364154243181,0.014416979579369372,0.014674305461501499,0.015189398615141396,0.02472216672992686,0.013848369517893575,0.017596197079723395,0.016323636828686428,0.009694863066636762,0.01125507708485421
0.5150435878546733,0.01221273961010506,0.012542788914976032,0.016323285951906914,0.0166178437788596,0.011487512006831404,0.020059905589923748,0.016043795378520496,0.019642730426787824,0.01877989207910544,0.021143544442624472,0.02019755925371655
0.08501762216606033,0.012896255608913058,0.013601659921645309,0.03207175285545045,0.02060872778125,0.012183419411620695,0.03257988343633646,0.022316388481998045,0.029628888202762615,0.029780557166025436,0.022744814207115827,0.024017275730381843
0.17807195135924211,0.006340500340171038,0.00447803836175405,0.008360002774928188,0.004395615069511285,0.0030182028237989425,0.007642064848659789,0.005345482622370642,0.006691260289873618,0.005427465647492794,0.010509960003498527,0.007929892180056032
0.7615964884094849,0.01306337991607975,0.012614177858676467,0.018421681768336348,0.013650916206112824,0.011440365731780172,0.014620937789821724,0.013561624450975498,0.014777872469632521,0.016953678033197802,0.017253056725056844,0.018428803584054694
0.7995311796169071,0.014593469424033384,0.014488868111297635,0.018730020552342252,0.018037703908933007,0.01242623417833512,0.017944478123171466,0.01892708971509758,0.02240844683129715,0.019781010316795005,0.01949667924184466,0.0205939774001979
0.2643637502178751,0.00458123256056657,0.005914474548648979,0.008265251180625578,0.004801255826578372,0.004004432937541228,0.009614909989253937,0.004951377595910708,0.006729985439738449,0.007309674379933029,0.004797717446881557,0.004568788300617401
0.23288928938790163,0.009755124744971224,0.010812401832335254,0.012425042030052109,0.01237678862153463,0.009600575389983023,0.014334501642258794,0.011601080063077689,0.01544419057244513,0.01549029381032754,0.01526363958620148,0.013185359918517818
0.44296711471418027,0.010193628782803868,0.009980294134750085,0.012821704407991085,0.011167077004394392,0.009604538759483515,0.01370024764799342,0.009690830802169053,0.011604790854476462,0.01240371170086061,0.012473228138247494,0.010482251956171714
0.6991578337130588,0.02022695637356725,0.02531022815126956,0.03246184774550793,0.03134554401266655,0.02630528321617834,0.024231232273979064,0.02887871306785479,0.03726842968355936,0.041195685028047525,0.008329563528944046,0.009015631027708628
0.35201992890584866,0.009724602685143129,0.012380539643183948,0.008886390239735415,0.012081820143131245,0.014474775658854485,0.011604402255613986,0.010086377298266856,0.010116260264438471,0.011455588461757137,0.00818876253083375,0.007699266672389821
0.718954354667953,0.012187434832449065,0.015983392329196294,0.01410083778051972,0.014682082379832014,0.016931800297868907,0.018066899789520648,0.016155648694774226,0.016848134730571722,0.017421176584413584,0.010984452606483527,0.012996004460828629
0.5171830761526847,0.0120578493250465,0.013988191022968492,0.022647880054205455,0.02011106616138412,0.01337537190894453,0.02067571466072648,0.01799656079474725,0.023391790770860798,0.02579857883808798,0.019414451962739245,0.018506792632923482
0.5771481403440443,0.012130828917106425,0.012582217782830482,0.020627134348026623,0.012883217089132294,0.011518753758875839,0.02378944219123148,0.014897798167777896,0.021011925280751992,0.020048493153474584,0.016386946600343327,0.017126681404458884
