idx,y1,y2,y1_label,regime_ratio,regime,salience,sem_dist,align_Vanilla Grad,signblind_Vanilla Grad,align_SmoothGrad,signblind_SmoothGrad,align_IG-zero,signblind_IG-zero,align_Blur-IG,signblind_Blur-IG,align_IDG,signblind_IDG,align_Guided IG,signblind_Guided IG,align_ExpGrad,signblind_ExpGrad,align_KLIG-Adaptive,signblind_KLIG-Adaptive,align_KL-IG (linear),signblind_KL-IG (linear),align_KL-IG²,signblind_KL-IG²,align_KL-IG² (adaptive),signblind_KL-IG² (adaptive),align_Random,signblind_Random,native_KL-IG² (adaptive),native_signblind_KL-IG² (adaptive),native_KL-IG²,native_signblind_KL-IG²,align_GT-oracle,align_class-blind,align_Shuffle,align_spread,cleanliness
62,527,592,desktop computer,3.014390235948709,spatial,0.1387538769486124,0.2031785249710083,0.15377960145685202,0.2771594065001952,0.21016628788708522,0.367967291665659,0.1524005963940879,0.2237562174406672,-0.007664288747156623,0.26240224368422477,0.05040173208692404,0.07068390799571218,-0.17940610374923602,0.07358430708594456,0.04710842493935096,0.20957294363362353,0.06018481936133843,0.3229970946058212,0.20886024642379505,0.2722928494781757,-0.027053269909858714,0.40182138582992927,-0.2544128932914245,0.33405623109706606,-0.05937933785123259,-0.030966945829221184,-0.06596741670940988,0.1625941477522349,-0.13445966741221044,0.1978229243778922,0.9999999999999999,0.0,-0.01054810168602067,0.15004748176405913,clean
442,520,516,crib,2.760862920288402,spatial,0.07064539117158009,0.1392834186553955,-0.008491990385112171,0.17004154110104394,-0.05940573550766243,-0.038127890615624535,-0.046764852339671356,0.055802276277244815,0.2507306593871639,0.13192839815284693,-0.09271013082884004,0.04823320854350284,0.233995642751242,0.1385796379661243,0.18315093183960154,0.1890727531981102,0.25830665245631995,0.13806477993910926,0.13451087509909992,0.1787107116986913,0.20063119577105704,0.2918199574149707,0.2144106612141745,0.16193302022320155,0.08874786527380465,0.02806648318776265,0.19629780463285137,0.18192896944571013,0.19232351609300866,0.27273204066905377,1.0,0.0,-0.14047994180696768,0.1379630189548347,clean
131,461,524,breastplate,0.9389970785748587,spatial,0.040297215286092314,0.1376904845237732,-0.050033648599750784,0.19264996611202156,0.18466569310368347,0.3943388396076937,0.035466286586878795,0.2672950361969226,0.13464811772366103,0.2897485943909568,-0.05846231740393451,0.25403894725198894,0.1423626867854117,0.29128770068586063,-0.07185688106996103,0.20943414315661876,0.1119839921426154,0.17994766891113267,0.19390736657739638,0.4097670184697968,0.09285931050609218,0.20757743961747557,-0.023339803531699083,0.25519452087928707,0.03670179235101962,-0.08174151793291443,-0.13388169441462142,0.37730231410121245,0.007193537049209124,0.37215710486487674,1.0000000000000002,0.0,0.06393594380250912,0.10029499781137022,clean
450,511,817,convertible,4.619287114622592,spatial,0.06630555533060778,0.12720274925231934,0.15977495528268312,0.007489649087926765,0.03197530973811022,0.3031099612117113,-0.0011641169302648148,0.007982287510241515,0.15023747031610238,0.2932276762280137,-0.13358077764642926,-0.09189492404957818,0.10943820705076074,0.048325908588890396,0.019753419117633415,0.2622260899385508,0.10910276720459498,0.17421864676857096,-0.04749805928982131,0.31917141773527813,-0.38013606218779816,0.3878554247444994,-0.247718463878809,0.38304179933704835,0.050879493748939304,0.07314481355820344,-0.09104190899556339,0.22167108800982974,0.07871077577075268,0.38387662594308253,0.9999999999999998,0.0,0.033751528824248485,0.17162745192630938,messy
199,505,550,coffeepot,0.821156861078131,spatial,0.08012799247009628,0.12840503454208374,-0.14135761931826712,0.0658386096136487,0.031075274124536898,0.17741004563119056,0.10143938601393339,0.09879088873632194,0.07340110618923468,0.11031200603824896,0.06944979065911566,-0.03691501061592087,0.05084387917476981,-0.08530529891966859,-0.0067920342917410495,0.10297379682536308,-0.1735926242503115,0.1994011492925007,0.07091987020252696,0.2010031790367737,-0.1802985198225835,0.2947087372239021,-0.1851707736399537,0.1769131637715671,0.16336826916452574,-0.10123814671792025,-0.21282262873295651,0.13137745945952362,-0.32294759853399685,0.29185313943721586,1.0000000000000002,0.0,0.04737032271300748,0.11763920770923757,clean
310,651,729,microwave,5.654224403818628,spatial,0.049058163762700224,0.3398013114929199,-0.247574875882184,0.32468258170326,0.24038193741129746,0.20047202095170552,0.4083260552803362,0.3903018668238148,0.40101004959197806,0.34166361716648314,0.09978625540602103,0.11664332831156742,0.33813163827065856,0.4459371969940592,0.6547524849943366,0.7120188927061085,0.541073104212324,0.6217808000436371,0.5011729061762724,0.5699115878046511,0.02576558230562345,-0.08158635539145531,-0.10796035547408443,-0.041158870958733634,-0.041518037786665137,-0.013592784681169295,-0.18878239777643194,0.16845113172431278,-0.05086960007463949,0.27917392327848417,1.0,0.0,-0.15432761098769288,0.28546956859463385,messy
346,516,520,cradle,2.29307153289467,spatial,0.12645378607923963,0.1392834186553955,-0.20042802073041638,0.3048649643468016,0.16008913023807056,0.23207609207855096,0.04829871267266343,0.28119429764304404,0.48718771929110494,0.46457334691229196,-0.01168757081396333,0.30216144997887434,0.37757953961400076,0.34739945898479163,0.30691644862481166,0.3545694265298076,0.1064793940151852,0.3428714612947486,0.24538509161373104,0.3714189831593401,-0.098683375510919,0.29925780581783706,-0.15475707121176568,0.009567129611597293,0.13890872442931873,-0.062426611336845364,-0.1475054602426352,-0.01859671906656374,-0.0017520600348239442,0.30855197870831713,1.0,0.0,0.10641916840345053,0.22401617501386226,messy
393,521,926,Crock Pot,6.44337292236724,spatial,0.04236267206717076,0.22091013193130493,-0.23895774201639636,-0.0072367328686524365,0.018823683507779236,-0.011480065601092151,0.16103603165592728,0.14733854312136566,0.18894387264590087,0.32483395211206484,0.12979538352596193,-0.0950094746274718,0.13731207299139547,0.14779024590883297,0.2525861362569129,0.1204717285139335,0.17357706672977796,0.014150708170032953,0.2930002907612078,0.043274775419645896,0.06113016078849516,-0.05770304403988563,-0.07077149271317504,0.0998880292878175,0.08712222927842408,0.13996693531948176,-0.22588968751244798,0.07158426706980074,0.1846800075057615,0.13863860253840032,0.9999999999999998,0.0,-0.03361536254447322,0.1523198909076675,clean
69,577,494,gong,0.5420979628534114,featural,0.24438639880089147,0.21484792232513428,0.08416198864251827,0.01981120628057128,0.034960270119927694,0.08877169499261847,-0.03510245608511424,0.24218340467606445,0.15624359745580532,0.26676879438980755,0.19311136876788118,0.18863632973366534,0.05636705271555321,0.09736142493979198,-0.018283980305046448,0.3863536023091859,-0.2403223563987361,0.2840487784703515,-0.2980876254845349,0.365658595329457,0.03864667311403403,0.025365389762249006,0.3001969692335854,0.25590122819054884,-0.05288903823096739,0.055826892673629135,-0.10445777420325278,0.43750208394926493,-0.03266271458168718,0.3186704180252348,1.0,0.0,0.08160978378489228,0.17500161539641013,messy
28,410,599,apiary,2.787552825606117,spatial,0.04182810252941227,0.265430212020874,-0.01708035410882932,-0.07864963016255161,0.008864128036036494,-0.024696774113791776,0.3177967050100784,-0.033148537486411195,0.11858669838914362,-0.04209031995893102,0.10064220008148222,-0.0641031346495499,0.051992770319504174,0.05443789743259471,-0.031427830848926315,0.11531822364990264,0.005161824880771542,0.04474897420065806,0.04375622494470317,0.0126203297814798,-0.37077316725041487,0.3022363022386806,-0.12715316169731794,0.02323445679027256,-0.007958793205036676,0.006670105505433801,-0.144282988779751,0.051168943140224,-0.41535382065497617,0.2621120787233,1.0000000000000002,0.0,0.02941279198842736,0.16849742804734905,clean
338,671,518,mountain bike,3.5996649196674833,spatial,0.08021290930893138,0.2880600094795227,0.028899257860036918,0.1970743752444732,-0.014701819882241467,0.18397408164385787,0.19374075776758864,0.306765313769063,0.47382935987061564,0.5270628266077863,0.2408632550235372,0.26506638423588064,0.1952382804812719,0.2511779584719239,0.10631689874731311,0.14233467530982408,0.486832620145478,0.5346778303319059,0.2088436955985658,0.330596411925793,0.3620326092821234,0.46327756379175894,0.30488109055218976,0.4329745956592742,0.12331545171328939,-0.05520217922124486,0.2570719686855601,0.4229257019674815,0.2320046117461251,0.47722959841602164,1.0000000000000002,0.0,0.004699909754282938,0.16336131743394694,clean
186,587,677,hammer,2.627764512062087,spatial,0.11439778830600117,0.17836993932724,-0.04914751088810865,0.13693933432571567,-0.010555113600124223,0.2681154527056792,-0.10911578093939413,0.3060349322577514,0.2418199203423685,0.30120628601599525,-0.06626516336762232,0.0860352331908886,-0.025782870958060762,0.2635869238805159,0.07400868581113751,0.18856041618576755,0.03370695442086589,0.2554613809823148,-0.11782043777683714,0.2443225115036748,0.0023167306880121866,0.34771557607089393,0.05357809283220871,0.15232697804626968,0.049955386785785455,0.0661029133414592,-0.13790881762329296,0.3352478847085587,-0.19818684764730018,0.47415806163225094,1.0000000000000002,0.0,0.1110508227801068,0.10063394243935138,clean
206,926,521,hot pot,2.724945382059701,spatial,0.0541273851797297,0.22091013193130493,0.1362400305677631,-0.10456575094063941,0.07937421889549469,0.012481821944409166,0.2279878695857372,0.22006640224932777,0.4757078061794679,0.3094596399761741,0.042630129221387515,0.1747068158070143,0.02090808663743318,0.037800170394924094,0.13140530673669634,0.0990376517833707,0.18610834074589347,0.1414349328145669,0.306928099059917,0.19013990135085246,0.034177646599455436,-0.005092188124507353,-0.053108791693935904,-0.09534009005486908,-0.1298227838506988,-0.04991353359490707,-0.05903944365884423,-0.07488637616359835,0.005615890543501822,-0.06343944013288119,1.0,0.0,-0.003999345210988253,0.15037839323073848,clean
375,519,478,crate,2.1398600395622447,spatial,0.1501875601217157,0.1616998314857483,-0.011093831128242592,0.005895006796292548,0.11764456304936102,0.22351791823337136,0.1960263366912376,0.10357748685323721,0.32566086169763625,0.2016403641483518,0.1272212412610915,0.04957975580581893,0.05333246457415497,0.23058153248390542,0.2083566446906129,0.23782042873222295,0.22689348726498343,0.0563551721133442,0.1380263318027336,0.013714207175277649,-0.07170934940231913,0.01661548938874253,-0.06772835291719619,0.1339299483562778,0.03402251064593515,-0.1899900744779454,-0.05604390059060283,-0.08160535444887787,-0.017619464276912924,-0.001747149821585101,1.0,0.0,-0.05576429303503011,0.1267961065477771,clean
421,518,671,crash helmet,4.691581269139257,spatial,0.08308629896591824,0.2880600094795227,-0.19200465954935328,0.25874175559663054,-0.3264919915685709,0.5121822175852145,0.0017463774646024623,0.39312757100780926,0.42298373266803524,0.4120843574920625,0.4264242194855809,0.4107890846809987,0.01042701207345254,0.31773098111523274,0.3018381195256858,0.45673119132366613,0.44513446146622665,0.479393308390246,0.46828411671858494,0.5010342210621508,0.24955568689302124,0.2994107126714627,-0.03877271821898866,0.28754779073159,0.14557625793023912,-0.06737240785602791,0.1177016973758067,0.6045040218861818,0.09972650142129347,0.6259110058469186,1.0,0.0,-0.02112744847893263,0.2814466894918027,messy
292,962,521,meat loaf,2.1965193566087224,spatial,0.0872361784525843,0.34645628929138184,0.0384511060694676,0.03387300925661669,-0.09919210377722419,0.03858253461090245,0.05633989876208724,0.09571952489995462,0.1014814509315548,-0.00493334110570931,0.18541587364142112,0.1686029768487268,0.020106567508333503,-0.0499170160901338,0.04307235985955114,0.14019932775710822,0.13650796615368407,0.17705770803758356,0.009390954782804663,0.2654130593934409,0.013783835809489638,0.1600045046567259,0.22330923303312544,0.06278056445985217,-0.0037079449375753025,-0.021105593719769437,0.2260415545592864,0.06639204286031612,0.11897248622891433,0.024390170541791278,1.0,0.0,0.20198922960811125,0.09052054547193239,clean
15,566,776,French horn,2.4087285488084818,spatial,0.10579432779227121,0.19155436754226685,-0.03921098446017274,0.3174738193788237,-0.014364464385638714,0.4598979471036108,0.291459544125916,0.46149080758467964,0.25689360227051805,0.5424138511598227,-0.06816483945830515,0.3775032364733929,0.22263909096691573,0.444461107594503,0.04937589188138436,0.4910780480763282,0.034435871477892455,0.32713319851006983,0.18958051465156245,0.356510650562487,-0.009176095720448816,0.3539949710863703,-0.10456523068208902,0.44644585032786976,-0.07177469045825118,0.1309878763123776,-0.0673242213156484,0.4916045351278454,-0.069932449597467,0.5111695419848891,0.9999999999999998,0.0,0.05205250762833509,0.1407125135082247,clean
437,617,789,lab coat,2.5627098008371036,spatial,0.07320318655840463,0.2541150450706482,0.02180551525076057,0.14826145793069567,-0.21360317843605353,0.17061652863994797,0.030251474096979685,0.17798706938832154,0.1856059613112957,0.2294370898468564,-0.05173602896529828,0.12906263988303535,0.07795624294734041,0.1595676295273468,0.2967804972160495,0.21807707119797964,0.28767222568985107,0.3030675032479028,0.34622512581902526,0.2832843858948114,0.1445529745102065,0.02069887849520661,0.0414035383990534,0.22223510669149638,-0.020341367980712496,0.06492014176600243,-0.1183995582782913,0.2095266910080966,0.08764731328648306,0.09584004647244324,0.9999999999999999,0.0,0.13656981864293327,0.16725609818379672,clean
400,751,518,racer,4.061311894371612,spatial,0.07819914110302273,0.2246883511543274,0.01576893625489071,0.2816380998540412,0.01595144025980632,0.37944584430423123,0.16968392586381217,0.43225579005017156,0.1544850268145448,0.39651802880076814,0.16836252102526614,0.3332585506076972,-0.04550788933651959,0.3586935632917593,-0.11434482297610239,0.2594307068967877,0.025765328895013657,0.376481901904178,0.24410097645059858,0.34724346203898276,-0.01965077852408092,0.39414173507568845,0.20492983645584859,0.3314433161190349,0.00036514406977978435,-0.0930920811984477,0.1332598762853305,0.0776525768775221,-0.17160357399702397,0.41243555770110435,1.0000000000000002,0.0,0.15190472181045725,0.1175691966503216,clean
84,600,506,hook,1.7646036793741726,spatial,0.1445951355650078,0.23092389106750488,-0.16096351906205078,-0.022879171447042705,-0.006062787785741113,0.22662229656203065,-0.031175786476079798,0.10506192434716016,0.019738295166993592,-0.007422190214634161,-0.02969488089536839,0.02026431189087394,-0.048699435331557704,0.14054240494986184,0.10665328559725892,0.10108401466928586,0.2720524356653948,0.17005651590930682,0.11292288899248303,0.21336654768875446,-0.4862429215513068,0.4432960622451685,-0.4078481676824639,0.36222272781738235,-0.02636931668689162,-0.03478142593107635,-0.36177657601537555,0.3167484990068088,-0.33165803408234135,0.4211165626371761,0.9999999999999999,0.0,0.07998694108199145,0.2218003124859876,messy
150,705,829,passenger car,4.163323025124751,spatial,0.062066936848203025,0.12922203540802002,0.07428622172857739,0.15702246444385595,0.0024928015914788145,0.2744549260159555,0.21026481095423394,0.3176816589310936,0.03207077919555797,0.38748574827743415,-0.04471151765334623,0.18126631341434296,0.04381340035622818,0.17113655709131576,0.09867375566461929,0.2440576175156705,0.20156595984699563,0.39176165410235847,0.13324326878042733,0.33201358747150916,-0.3551275822814849,0.4529587532149035,-0.22707410437628803,0.21562978143305328,-0.12771600129042615,0.054661263090087106,-0.19474418425920645,0.23715686944923967,-0.21958577269085108,0.2882211642899238,1.0,0.0,-0.056056761743827135,0.1725887617494132,messy
109,553,493,file,1.0048175208293233,spatial,0.07835295076319382,0.31807267665863037,0.009118036332028484,0.09209857137216093,0.13355588384833905,0.3116327745995929,0.34399378097928085,0.25753579323159126,0.06488011852844487,0.20179238415237485,0.11392472085586601,0.2485706361459537,-0.12482673364520934,0.23825593134982603,0.1366784065423359,0.10806863295680783,-0.14916343459733994,0.23953852557034938,-0.058386022771619604,0.080828764178864,0.12069240219603332,0.2328982663974306,0.05955516656521314,0.38951101344105576,0.07964982623464129,0.22376728986007663,0.36683503842423587,0.39957719275542225,0.5212988058714728,0.5258800425376005,1.0,0.0,-0.14182086919233847,0.1389472592187211,clean
193,524,461,cuirass,1.0512952276221617,spatial,0.185357534090419,0.1376904845237732,-0.0861080213932634,-0.006011146973816833,0.18977858125127112,0.038956299629408095,0.2282165201967328,0.08237736603795724,0.3511359331112688,0.4204235643572034,-0.07587901975523051,0.013500998709741956,0.17442767450380325,0.21087017278238432,0.10692222658665818,0.1529403881546272,0.43360662514350995,0.37905812853147103,0.26907610940880955,0.2941941659666301,0.0292489692497238,0.14844007358188352,-0.009428873918332656,-0.07279014224434975,-0.09034600368553014,-0.07069285777017081,0.04097107228360435,-0.17222711501236623,0.03266345251093315,0.025546414503165724,1.0,0.0,-0.1125213795030328,0.17083573317381417,clean
98,500,972,cliff dwelling,1.9767875676732474,spatial,0.06483129360684137,0.21480178833007812,0.10551466158446765,0.18906937302765678,0.06315274257384125,0.11982970735915836,0.13361549662699473,0.1247731006798912,0.0457432742658321,0.05721489643369111,0.06866945945142952,0.09947894682657432,0.1852509828612561,0.01129920880996939,0.027081414430948404,0.10655248363135601,0.08029814939736722,0.08974074774162759,0.07210644919059267,0.057546124610221225,-0.2695302860416289,0.14430320294453772,-0.1666854417785559,0.04927882918318429,0.2128598935212244,0.12386817389222783,-0.23278748900963284,0.06697552536119365,-0.34999309394445965,0.11052925513154116,1.0,0.0,-0.007171795910320491,0.13269425947673874,clean
24,865,406,toyshop,2.0520216248365704,spatial,0.16998906405136444,0.2169005274772644,0.13864628868047663,0.04839528772035801,0.06173192745329755,0.04011907379542787,0.22921088906540335,0.1440593946299415,0.3233318133403362,0.055018570929841255,0.11805242944502989,0.06585051213976655,0.16224415101497447,0.02804083222360927,0.19238121826766064,0.0037010775522939585,0.3012943681252736,0.0969491087424572,0.187591966629593,0.12432752400779559,-0.2571518023563028,-0.0411642471323999,-0.19966715574487365,-0.07191505289858979,0.06717265649673015,0.0738294106584448,-0.12536804686095063,-0.05039181674242109,-0.29387191479503016,0.06547786082814021,1.0000000000000002,0.0,-0.1167832882886745,0.1858910338576323,messy
10,431,516,bassinet,0.9868075400612222,spatial,0.11685394244147451,0.19615966081619263,-0.1085557470331345,0.07696316209303398,-0.025070037086293417,0.09474549361416741,0.08171707752565974,0.15725321551259205,0.2299714826168835,0.0960102542462232,0.11252962565543081,0.03642246350369611,0.05999389419355072,-0.11616551050506264,-0.02005670166147203,0.025157301623218376,-0.03093501714365602,0.06579507278660163,-0.10340100742431758,0.1150861377046617,-0.3295034767034539,0.15021837913831532,0.1502702468322855,0.09714239465227416,0.03426107976781312,0.09065618978463945,0.24253582147660305,0.11266541958165673,0.14560951737112596,0.0418303668540409,0.9999999999999999,0.0,0.07590481350721599,0.15212434302326625,clean
67,593,513,harmonica,6.062120779450822,spatial,0.20913444353706467,0.30434560775756836,0.001584489589895012,0.20096600710479265,-0.0597257563841672,0.5452264161415945,0.19400172874019644,0.4199002590560041,0.19077646232380543,0.38595529575051873,0.10059732284292515,0.21912919750766227,0.15562440754809456,0.6895506917783402,0.4538953310406633,0.637397161792739,0.1347141743311046,0.5566949415369344,0.2863628703892751,0.7231887073638956,-0.5845025486993494,0.5907908913333683,-0.6803705869278811,0.7024298814271537,-0.09003547459036913,0.05778111697813901,-0.6422546632003463,0.6491369635563048,-0.6973629724507736,0.6875004465860984,1.0000000000000002,0.0,0.038405745199574404,0.34918131779344685,messy
52,530,781,digital clock,1.355790281988119,spatial,0.15694890572815476,0.14448988437652588,-0.05908081340407743,0.16309526615084768,0.16035276355461106,0.0520595158063209,0.36424392335884126,0.34480424161750756,0.4339207672990077,0.2518666453138662,0.04947442772983654,0.2262247575953596,0.18798073624406053,0.07937959824239715,0.5374189359783071,0.5263712927062896,0.32664190839561047,0.23183652426954232,0.42219288534705746,0.27276967146533015,-0.6212054688996275,0.5191996936249254,-0.4412606064064499,0.21896120651373327,-0.08972363103120194,0.04653917900322831,0.13775012599879735,0.45127277088782275,-0.06299371380458417,0.2749620742965963,1.0,0.0,0.017902040946521695,0.3706755220009348,messy
2,578,689,gown,0.9726569432465845,spatial,0.02478561724528755,0.15475201606750488,0.11507899576502426,-0.10618602600455453,0.11241052028888646,0.32410369370494924,0.20187706842012532,0.1204063488153973,0.06635768042496858,0.09047342452516745,0.17786174049756032,0.025758253963706942,0.26010514032138604,0.4249342556232029,-0.10835755464062138,0.3929798354038016,0.033087905129464315,0.2495987565003355,0.0989855288858098,0.18689765681649415,-0.35309034688710716,0.36071690590620603,-0.2589307519139167,0.2874024468447651,-0.12909055885669662,0.11226476472227351,0.10493099031158819,0.23720644836628227,-0.08689127471974013,0.3763801467130911,1.0000000000000002,0.0,-0.059328677827969,0.19334788098203246,messy
27,526,527,desk,0.9938547935573734,spatial,0.046284129027772236,0.1452808976173401,0.0047278194913465575,0.04726720261767586,0.1815548308457939,0.08510640427111354,0.12205394675463414,-0.038962733823748694,0.07789927148507686,0.08080090217746935,0.13156679620526238,0.09812102690157125,-0.06077670949130258,-0.019373119150471185,0.07245193902229317,0.07761823932363414,0.2156214342684011,0.3081515882434186,0.10491986901905268,0.14729695236492948,0.26032481997075657,-0.03414174295290657,-0.06261127713086179,0.0897885347453912,0.2446591470584696,0.19391736743627583,-0.08499780907240762,0.07245120549314356,0.09930140062830455,0.10296551462087926,1.0000000000000002,0.0,-0.04822923983111928,0.10468904011977007,clean
458,547,705,electric locomotive,4.058633030297255,spatial,0.06340014723169701,0.1444404125213623,-0.044291408672182855,0.1197621033589421,0.1146693730238818,0.4230581266013684,0.15479947447868853,0.22086498929461856,0.12573404974096172,0.39881048574916483,0.00561936425875723,0.1294800498440799,-0.12068251902067921,0.5058251222758424,0.3302972353007591,0.3749207604372215,0.16135058184407972,0.35531630050023066,0.11865170070577338,0.42907666380749754,-0.0014040389816387328,0.26792711210191533,-0.10684904715153473,0.28733308515426176,0.05641597717413607,-0.11351764125374789,-0.00621215114031432,0.2484163030330291,-0.08870731070681044,0.204631751069517,1.0,0.0,0.024924132900130725,0.13439002531278704,clean
78,589,585,hand blower,4.924874640589765,spatial,0.5897373917958726,0.27086806297302246,-0.03989091357582992,0.3958241717239275,0.15905890022161956,0.312279873307997,0.05864396404651819,0.4582694877690623,0.21367997991146637,0.5756757692647961,0.10591704730935492,0.4298705460137321,0.2324079030777691,0.4305120477719298,0.29305699794643825,0.5612744471914594,0.25611070876382835,0.400158073542357,0.4194103886091805,0.4884198289722919,0.15409120345036095,-0.08198973191884984,0.3006967077727196,0.5372670589233798,-0.1692319000490171,0.06073445911992906,0.2891519037932318,0.5235451086682107,0.30479611461028705,0.39922827575662373,0.9999999999999999,0.0,-0.040502952413930655,0.12700058673602452,clean
56,702,602,parallel bars,0.4831682149487799,featural,0.2080272517390282,0.11238396167755127,0.04903396409932619,0.10793917823147262,-0.08990822470898546,0.028918419693531483,-0.08983710604620437,0.279628577471159,0.10789505093060348,0.05917438509310137,-0.004102311211788246,0.1373471777009731,0.10261595920314609,0.2624663708037846,0.22426899155531196,0.032488724575042094,0.09788758278323138,0.17507164597307548,0.12114918947271812,0.07734459748037384,0.1193106372133781,0.21282248707178997,0.14973077320872638,0.3800342387936535,-0.03277113273596448,0.11844402430533203,0.10420152804298229,0.2903523166159502,0.057836607510171584,0.20462893857311018,1.0000000000000002,0.0,0.0013801021896366805,0.09772457062340216,clean
53,432,683,bassoon,2.254671800776144,spatial,0.09231777705318811,0.14182209968566895,-0.16394151479196292,0.25082032918399805,-0.27343580021071445,0.26309012131171616,0.26203776498763864,0.46717757365505524,-0.16662570941109742,0.466107087033479,0.0014254758623959347,0.5292347574010784,0.23503481330352,0.26365742900825073,0.19798574756131707,0.2706158351771556,0.16057932315555645,0.3957946185504259,0.29474110652546187,0.30554779887038114,0.07336217895989543,0.42799680128309653,-0.3120570693868898,0.5567832765540492,-0.16723681539119759,0.20572360673170711,0.0041484147872691305,0.4291059184595637,0.17661548139841346,0.18840388035649316,0.9999999999999999,0.0,-0.004545468334989665,0.22343840848701393,messy
159,497,538,church,1.974212667623419,spatial,0.03405205980548326,0.17379069328308105,-0.05247499287899711,0.09171970132835336,0.1209317974262849,0.2433692089225909,0.17840328201562894,0.18801936757579094,0.33001368227365213,0.17650328326987658,0.11263890460240904,0.18771074461243417,0.2608138294489532,0.2545829646674299,0.2930316804000842,0.33034991555382254,0.11654443298575236,0.13072677806001637,0.34324179258212284,0.3144018313730001,0.18469138796373968,0.21216067619850934,-0.011153262459058644,0.14437387731614795,0.09082784034178565,-0.25477942141709853,-0.07889868439806466,0.24467758878570647,0.2027703731463097,0.29922725195655725,0.9999999999999998,0.0,-0.05875441792571311,0.1304417662987747,clean
194,534,651,dishwasher,2.6439029971378303,spatial,0.18816454416992645,0.21461844444274902,-0.11623589893969088,0.15223150586241,0.15315845442804796,0.12749445593151337,0.0720981502246358,0.15592551204691507,0.3804012709372603,0.37884308724230104,0.17956676832266755,0.29771009950828137,-0.05065231342922434,0.26854273670661455,0.3546836034182202,0.37713104460745817,0.39292281802561985,0.4046328108926416,-0.19847893676191777,0.2563363138194518,-0.7939831774022018,0.7667071978542449,-0.6409741371361394,0.5777632943614122,-0.007594062855092269,-0.13981510523601456,-0.6152903384930412,0.5427317293063879,-0.6306070938696821,0.5122367978969551,1.0,0.0,-0.007490063503210333,0.39699073961707265,messy
454,441,572,beer glass,1.9844176938317286,spatial,0.22101117310401236,0.1584581732749939,0.08495898866098833,-0.04203955351447412,0.08202689631195186,0.3280665050050443,-0.2361380049417154,0.3135369652785636,0.04005533804242572,0.5399750528620708,-0.06094372145616759,0.04173108906168114,-0.009426786982670672,0.4450795839316653,0.15187662199883706,0.0891757768977342,-0.012086496831411579,0.20795247319367044,0.3459304459788013,0.4007180808481966,-0.050885828967696015,0.35366535959095574,0.19375525033573118,0.2783333475202891,-0.13087399064248761,-0.06330425626707845,0.1872815085008904,0.2705063558323033,-0.04206089933255366,0.37459390676884036,1.0,0.0,-0.039622831376265565,0.15253657471356918,clean
160,595,856,harvester,0.7398704141458128,spatial,0.07700606305849578,0.13025003671646118,0.002373185077400896,0.04840586085508143,-0.09990670060729438,0.3212941283588099,0.09069054752241591,0.2925554237144098,-0.06103006166124356,0.3586640480491709,0.12417188389305243,0.11662556209760913,0.03632698529461389,0.3895372456679329,0.3699359624487472,0.35399090130179317,0.19157116219100762,0.3144001345199245,0.2045177260428668,0.3844198494278519,-0.024150256995554994,0.3129555796397788,-0.08977114602975726,0.4094272737209835,-0.00763403035367499,0.08863447024352131,-0.05508838683365285,0.43583243113293924,-0.043449278805862405,0.41871040656220504,0.9999999999999999,0.0,-0.04947321487714973,0.1456970473457607,clean
100,559,765,folding chair,8.478865034936922,spatial,0.10297119284070444,0.1339319348335266,-0.08754915335997511,0.21206401521402124,-0.059108289870558016,0.3210067025843654,0.15030021371598123,0.2830389455483439,0.332453455949846,0.3050582862634855,0.1695192847218049,0.2962673837874098,0.35885251177959016,0.42707399166015353,0.3132729057532277,0.4765248639523974,0.28954258917202513,0.38385958211159416,0.358030912796967,0.43356613758009926,-0.2037222544792004,0.22779979776655496,-0.4868716846077799,0.41743516036668593,-0.06260924600811871,-0.07158440251856005,-0.1103656178130345,0.13881410118024332,-0.16323483498408456,0.13022374671276105,1.0000000000000002,0.0,0.016184721668694287,0.278107906167062,messy
348,831,706,studio couch,1.6055359757641505,spatial,0.15084803665556068,0.2786790132522583,-0.04052201571288496,0.1855944005926268,0.05846952290889596,0.15044328462022835,0.02937785306124349,0.308019445358093,0.10129912031098658,0.17395375522430687,-0.1154002248527024,0.2124269044043551,0.025807605077547088,0.20844256183000429,0.1808340374849245,0.27721701079529254,0.09442678776933484,0.29146117633459157,0.141997723076653,0.2607688262001412,-0.4355209677310312,0.3509401181277883,-0.4386981890982203,0.21619174175389144,0.04654366609252148,-0.009421583606746463,-0.3157180090188632,0.05068714099956069,-0.07541789272199914,0.22096434581468036,1.0,0.0,-0.011890949462459206,0.21440351219556963,messy
6,542,541,drumstick,2.059123177773437,spatial,0.19199770422821127,0.20803523063659668,0.18143823424143052,-0.06924351042030749,0.1078233857951712,0.3300555345062589,0.12085716391679453,-0.004134085178784751,0.28206723918633053,0.24112610011739,-0.2293286064157499,-0.010693412115455539,-0.013011282842155934,0.22764949737686385,0.2514241142355696,0.18064588951886937,0.40402927021202684,0.2994925905410737,0.41036829437065436,0.3061621771432057,-0.23082644454416135,0.16679983649598534,-0.25542815690765863,0.12881639238667777,0.03205634253878064,-0.04371282549937223,-0.2827942557311009,0.2193194217877899,-0.23430414731802143,0.34875934090206795,1.0,0.0,-0.02039418350779281,0.2466819142173808,messy
146,603,690,horse cart,1.3087879040906394,spatial,0.5603916984190551,0.1306559443473816,0.18210307325112213,0.5992368839439164,0.11249258738225952,0.4114425293897137,0.029490036795902407,0.632945729064623,0.37000513900389415,0.7607892320525502,-0.09322578111336291,0.5036483574671903,-0.2259522627594466,0.5230654913802437,-0.2388181833913415,0.5450926159166563,-0.1657244266857179,0.31488578750331453,0.23493069086667484,0.4922351520232145,0.005976386475726954,0.47922382701302185,-0.6562708374318937,0.6259222232190393,0.09739867972601628,-0.17399940249038612,0.3286905354152774,0.6810110989051363,0.5153240216845374,0.7260048570949804,1.0000000000000002,0.0,-0.08526536616951898,0.28209068824775424,messy
177,598,851,home theater,0.6554558956497618,spatial,0.13511327370704235,0.17729508876800537,-0.07614607327326425,0.12501984928035959,-0.0035637711206509682,0.18864007305215139,0.02251160559820331,0.07676862377541882,-0.004760537496318697,0.12396867399219329,-0.10775357422694516,0.07274357440974341,0.16464345594726912,0.08275731971166464,0.03415330709313889,0.2062596185758068,0.06002433721546015,0.24767335891133027,0.23127693049320433,0.21291026071982744,-0.41927767597848814,0.49486427393618904,-0.08560648021324876,0.15153670541250908,0.12904815997775407,0.07975685384480781,-0.011628884002880315,0.07008573497637928,-0.08030451425113,0.11945112488996208,1.0,0.0,-0.08195307671270706,0.16832847958120706,clean
136,536,510,dock,1.3473397760315324,spatial,0.07179666908664767,0.2382085919380188,-0.05494435332000553,0.09184460717060394,0.04868915758548045,0.28065603487919877,0.07729240765292938,0.07994109376806184,0.2239422693012937,0.3974371980597165,-0.01277497941480399,0.09081168895230608,0.15359887989992743,0.300478872282035,0.23530142023490025,0.38255951722725845,0.1641932295957057,0.20562061897049297,0.04102743735594102,0.2748537209890418,-0.40107331786203876,0.349801452653722,-0.1699196658423819,0.28962283984877424,-0.01161828942035477,-0.06325896672477577,-0.17019523511779946,0.44227924983593575,-0.11414663785013543,0.4493944929115582,1.0000000000000002,0.0,0.013373074299201641,0.1872261325281197,messy
208,478,519,carton,2.4913860206196,spatial,0.07575189763147977,0.1616998314857483,-0.2661913135027838,0.23304395764312702,-0.05547736607941441,0.16500914380091058,-0.014588258655913821,-0.035844195837626276,0.13521742221000654,0.023888317292667365,-0.24304261242469608,0.2853954506175031,-0.074852220396681,0.04697329511219766,0.0251893103891688,0.07963730696362922,0.05348867485887309,0.0014414405205011335,0.2796151256551885,0.06530142489602186,-0.08118037861234483,0.10212821923093397,-0.010289162520547353,0.3563849376802749,0.08554141545547385,0.06635174985854342,-0.04220989396270406,0.31942196388335087,-0.04652124277782876,0.1922422507840384,1.0,0.0,-0.07268187305743715,0.15482338313420857,clean
164,582,950,grocery store,4.238266467079228,spatial,0.06080805076973267,0.23704683780670166,-0.06239361042290588,0.17392144530046852,0.03994995704063129,0.22683147501153197,0.35773508056339776,0.3125843798169174,0.296370116056216,0.3412211882661647,0.1983180102566078,0.06147534476557699,0.2749029738794308,0.2977313289669831,0.5095453438448372,0.5778269945330717,0.359842837487154,0.4840997530620449,0.3990797795418435,0.41627852157667056,-0.3052597484283394,0.37481173910682025,-0.42740783648361086,0.4937804661355273,0.06760592977633767,-0.1462128031458048,-0.20592493703192474,0.04537003558555402,-0.14299140296106544,0.30219833978431143,1.0000000000000002,0.0,0.13011068494605335,0.30261138099626306,messy
435,585,631,hair spray,2.469000665118314,spatial,0.05545102489677167,0.1452350616455078,0.01299538978445648,0.23622884852936002,0.06773031459819771,0.17042971082038724,0.056294543978858254,0.08318976418091387,0.3317794269680628,0.37248250820319706,0.21151777285779083,0.15394490249462056,0.004362166227584602,0.04335297161916263,0.07492745271150646,0.04187393715904359,0.03870340647598958,0.2035674331384519,-0.008061968584423013,0.11646325325641975,-0.24144509374990253,0.3725934120049412,-0.2844370501779824,0.3467442873977713,-0.21158498147383328,0.1995975998131546,-0.37433704653311867,0.5661884233470437,-0.2640237420153254,0.5029437687123444,1.0000000000000002,0.0,-0.07399050706654564,0.17400729286354183,messy
93,743,789,prison,1.8368913219144127,spatial,0.12657832038171346,0.19400668144226074,-0.11125004104680422,0.14979516458289807,-0.028733327729944795,0.041766508162270274,0.1570656729240894,0.2018803748055589,0.18095719112776895,0.008620007290419007,0.11567239385895423,0.03750741167727347,0.25471271205519935,0.07036968627723035,0.2955625139571547,0.13038839859016038,0.16976444055554693,0.10941800818196072,0.21589873619479166,0.16395802185133884,-0.30861497941133936,0.14376197409362312,-0.25798480603055896,0.18431900830566714,-0.028712600537538765,0.0035376401388251565,-0.2165244458043642,0.20282263882655704,-0.2665149547020553,0.014360716031133997,0.9999999999999999,0.0,0.03525043269162733,0.20761753455103388,messy
374,634,519,lumbermill,9.67537870152938,spatial,0.21588776371293905,0.34908926486968994,-0.18372772197938067,-0.006175792217240158,-0.2234778036784739,0.19855007215130682,0.077041201576167,0.2100843790782096,0.05615457561367814,0.11449544839736585,0.24549557728448376,0.24644193316503002,0.2239536627343227,0.12388516854290978,0.49699544048073885,0.23554671305719668,0.3000826378754256,0.08810904309402595,0.46166867234260445,0.304719591041183,-0.0471037963090817,-0.07210523434819276,-0.05097299155492537,-0.17621716291253414,0.16518665211606284,0.08986185006234802,-0.10958041167887639,0.025673374661118506,-0.12106074628918545,0.008085270108957857,0.9999999999999998,0.0,-0.060585574932082685,0.2431119985438427,messy
165,543,422,dumbbell,1.927139251915161,spatial,0.20455785947489363,0.17139917612075806,-0.035481025651540085,-0.09774401749038701,0.1520460540821639,0.30709828804164624,0.0668785570320493,0.0643993320719144,0.16825571894075647,0.23624350220233623,0.03917604582010717,0.013359596449193623,0.25981879023912735,0.23954400220745845,0.2989694665608295,0.21347777081570962,0.343876851241089,0.2535525230389694,0.11763354094891351,0.1522405749399348,0.31424958234414596,0.14950751968443984,0.06582300577648335,0.2491807064828035,-0.1094274979580469,0.06448227756579361,0.08971377025501455,0.28310139014096725,0.20689761012202443,0.28734437703426363,1.0,0.0,0.20546902068902903,0.12612282991391977,clean
180,550,505,espresso maker,2.3061094644152274,spatial,0.05733431499736574,0.12840503454208374,-0.14219016539114662,0.06481276139678568,0.05283878704135222,0.15842512356784264,-0.041494104498185594,0.069405557788404,0.08674089995687013,0.29265601639032124,-0.05480707387392396,-0.0025151056671889513,-0.15497643231499206,0.19374878068262577,0.16293803703923784,0.05740277659797467,0.09597692538552129,0.27111844204635016,0.39513468982874944,0.45221317795915406,-0.26185776109235015,0.23016059962328247,-0.12536783417887315,0.20451618184491568,-0.12138009648247791,-0.04418605750253454,-0.1153674125957479,0.22463898306505858,-0.3529898460623784,0.27853958468004875,1.0,0.0,0.027165175442856387,0.183150320873406,messy
452,549,769,envelope,3.6418685520247935,spatial,0.25295920455869214,0.18232911825180054,-0.05581044144323945,-0.03465642814612382,-0.0006396494702025923,0.2559807136568812,0.09045815370636595,0.12010307083731207,0.305720519654869,0.4269736267037023,-0.024352536239035907,-0.01188076953728829,0.049814197090260366,0.1497450019758263,0.046727964260453225,0.2596906807294778,0.23772424943456116,0.4055805248487733,0.2719326728615345,0.5508616628470066,-0.5321817827350108,0.5889458401056367,-0.47982717401689146,0.6363990937544775,0.123129015291853,0.015183619819277152,-0.5317625514879308,0.5722554215866076,-0.5575897988121181,0.621943386404382,1.0,0.0,-0.022477176909617546,0.27444292950262483,messy
428,669,516,mosquito net,1.4305074403180202,spatial,0.10799438270752693,0.27327096462249756,0.040760198503209236,0.21854691475943472,-0.020548388171683203,0.08077393632049944,0.12673354806971013,0.18972914158714194,0.16018724471891999,0.11146903803311642,0.015457173033855765,0.11342656257697559,0.19830375425177013,0.0686768551781484,0.16673678695860056,0.10884568612302216,0.03858802047668795,0.07251800324256968,0.1739666805729118,0.19742433674170745,0.1478575398298891,0.35122794569566457,0.1253063147326333,0.044829135256954894,0.020299279982757476,0.03873530015263675,0.1465105227412939,0.009764961740619955,0.21896161654538698,0.34746819403594115,1.0000000000000002,0.0,0.04146271962892051,0.07438247781445409,clean
22,472,449,canoe,1.2887909233468666,spatial,0.09183068544520018,0.19823867082595825,-0.009749566562674792,0.2392647491430894,0.05609136842582242,0.2654462527831222,-0.01802514416255881,0.21461537355009913,-0.02848743023313431,0.3622957613185466,-0.20318386469762809,0.3252867436296813,0.25529355610960036,0.19677289797905273,0.1811862029105871,0.2756101229832685,0.13562987188362383,0.41823931442499834,0.17970958056451178,0.39719410983424536,-0.44480737963208267,0.2650307660212725,-0.3926524219468838,0.2789503624889731,0.12207005108839918,-0.10383053696828554,-0.23532525669477036,0.2841091470944532,-0.2814858113104738,0.38335517888414394,1.0,0.0,-0.04864028664131231,0.2321190676098213,messy
68,529,516,diaper,3.223140895389841,spatial,0.09794808809903649,0.21407735347747803,-0.06499511498766548,-0.01695030285350045,0.19959824019599826,0.16826561203550902,0.10143571067492238,0.05028695997505003,0.14732549547106633,0.15628906171175186,-0.023934209137127856,-0.1191453336422499,0.2634026256744251,0.23866759118657066,0.270749547326606,0.05620842101135125,0.14829556203017422,0.15622296571295963,0.12739695196003534,0.018617569091600353,0.1384170155404264,0.13269380106466966,0.21037619452957507,0.22907362341414583,-0.00805599240592216,-0.07337397804441698,0.14020277517996088,0.06553705608653229,-0.09252740860376898,0.2593665083784124,1.0,0.0,-0.044263203474963424,0.10557136505475853,clean
58,548,851,entertainment center,2.3758574477300476,spatial,0.15848820424977333,0.12580126523971558,-0.3536268429313553,0.2688953401317968,0.1488231477808385,0.22789121230323886,0.002603092042502873,0.1591836269034114,0.08122362889413219,0.433644316495275,-0.06914454815456975,0.08005619969385161,0.03070576689152712,0.35015480629272083,0.25310446153246097,0.24438413090835198,0.42504518081939324,0.4942983949981643,0.4223991965633367,0.279868380690267,-0.43132366342263007,0.14868265813391346,-0.0786688413828839,0.3700987006483891,0.06644535376750184,0.037665971111351025,0.25669781469926917,0.417957120709114,0.14443109583771788,0.4161621001078661,0.9999999999999999,0.0,0.017989876783704995,0.27531890654033003,messy
108,817,511,sports car,0.9512144639155605,spatial,0.12952834688120718,0.12720274925231934,-0.07656845234602541,0.15679506678751431,0.005930112444993375,0.0665037568076089,0.36182661172621217,0.3120310091075951,0.44195119446786185,0.27914970644007864,0.07076224619540683,0.1509891238730653,0.024294320348360886,0.07190882043202547,0.305498835616226,0.43419706448150525,0.12434862573726171,0.30738655954557353,0.2519879007420967,0.275094187237601,0.13704576225982268,0.2448314090463098,-0.04385000896201062,0.23902475334058884,0.06250974322448492,-0.0007891811633528131,0.11373938978952795,0.3308564287817769,0.11947339607336711,0.3405239276180445,0.9999999999999999,0.0,-0.026540636889898384,0.17235490078605692,messy
116,750,591,quilt,2.2585405812790147,spatial,0.0968639916952761,0.18187862634658813,-0.09846874166081815,-0.09461980965012755,-0.0438215965569188,0.17455630482230564,0.2320598368590192,0.004795118572243949,0.2813150473762812,0.16104575921393974,0.07335473731426483,-0.06524646181034781,0.14272756848039328,-0.0017017499114298598,0.07805522305044091,-0.014430164402687854,0.15822945487016266,0.024514256249601157,0.1848456494877199,-0.004098006297009125,0.3098443031483044,-0.11542661144829007,0.2771868374995724,-0.07327271975546988,-0.24811174468993263,0.1452965803401226,0.17282113546789984,0.23183831209364708,0.19428319519875176,0.0012520533591508785,1.0,0.0,0.03757020731447025,0.13308693788154718,clean
385,561,519,forklift,2.3915925752182687,spatial,0.13720946004424706,0.252735435962677,-0.13357600454437243,-0.03888554901105382,-0.010635952986943873,0.12890827665794038,-0.019805740565972466,-0.010119531031800856,0.08437875498084445,0.09777752576667295,-0.07038838829552702,0.030547049804729352,-0.00030228868847959376,0.09384568236274281,0.009060443292604865,0.08122133913656031,0.02977295698014124,0.151786223233779,0.0926573108459619,0.12526696025368106,0.1765292832973867,0.20223464423309073,0.06737975579627542,0.0073441834844989295,0.02378986668002508,-0.12601204281095868,-0.038321713734831314,0.23660247903505613,0.03635052065479056,0.21913075370384924,1.0,0.0,-0.08200876291563562,0.08430522272973767,clean
142,513,875,cornet,0.8048528613725828,spatial,0.293602268868297,0.17126208543777466,-0.010601479413357418,0.1094408586638731,0.027279149630617745,0.3594467406830733,0.038370899578471,0.2418984347032622,0.04981558176793007,0.4018298291021289,0.01709661383037327,0.0542285824978332,0.1182212252786004,0.2138807750031248,-0.014461355275056507,0.32460781756234813,0.08004070455013079,0.20493678925708717,-0.006754405368953798,0.2445565779517466,0.10048445158122561,0.304139633960673,-0.026698718812603814,0.35009242657037787,0.10456434755179561,-0.008976845158210183,-0.05486164864902716,0.2631381381592423,0.12315785322436493,0.5686050150129087,1.0000000000000002,0.0,0.01489820200738987,0.04890418558571589,clean
271,544,926,Dutch oven,2.157780482597511,spatial,0.07335893410207911,0.2441086769104004,-0.27834057675746043,0.35806737323503796,-0.0028268762557746457,0.14592276953796754,0.4409457397576737,0.35102623580922093,0.016457449448342182,0.04327809508828789,0.19240839878461788,0.3242156299630202,0.1339406222784099,-0.11428603410205125,0.3203714808194371,0.27327816946714173,0.3526009003192443,0.2805471278178332,0.2851412934996564,0.18872164141860154,-0.11749879726949147,-0.0208940275094725,0.1499927145835699,0.2720154753708447,-0.034079181253481555,0.042560279334088735,0.1775179264127702,0.2378501510126412,0.004935610818987012,0.018997279279373995,0.9999999999999999,0.0,-0.06555628866123306,0.21657057215462114,messy
167,599,410,honeycomb,1.6601867635657477,spatial,0.0871606787401471,0.265430212020874,-0.025981789643981866,0.11590440925997968,0.07738412808404055,-0.05147730879274576,0.3158732020210299,0.15798338236257806,0.21976101563368192,0.13379366538436285,-0.12058100446826867,0.13199930288600958,0.26979094648841684,0.20052950524174948,0.28211100679188944,0.34405815833636205,0.12089154068036057,-0.024756207352531704,0.2849120812129107,0.3199522399806759,0.03979643199512846,0.13663467464663775,0.07767954054716478,0.3032242521991915,-0.2543100336320881,0.05966312810361299,0.016023004719082638,0.36372529752463567,0.0023635682847972044,0.23752205470902577,1.0000000000000002,0.0,-0.0024643391799341564,0.14456714294961054,clean
137,851,523,television,1.0128304047331365,spatial,0.12318006709056817,0.21068596839904785,-0.01686735688707642,-0.11495379140003247,0.06829434575988476,0.16685765220271895,-0.05294969221225522,0.07451819687082932,-0.07046493124679536,0.3838947056612162,0.003999368480394845,-0.12648461771866898,-0.04082701223160929,0.18971709604031645,0.044072637229811897,0.2366740541364698,-0.09281006765229631,0.3483006218238007,-0.016505776623891848,0.28306479491298503,0.18763002185478633,0.2937268580436043,0.09882185988169281,0.21892298142003902,-0.03369301133333915,-0.06170892859475601,0.09477356693650531,0.215733191172242,0.1366678123867656,0.2504251116296399,0.9999999999999999,0.0,0.04854741325446141,0.08309716287936923,clean
4,597,676,holster,1.5984668582317478,spatial,0.12016905333665628,0.21939027309417725,-0.19770084873515295,0.16528665312009916,-0.0694937404156708,0.37924505427854605,0.08655281719486876,0.09380540827508325,0.21079478690339645,0.14234415470758607,0.09801777831427132,0.18444335326758474,0.14155073976685567,0.17537608493813836,0.15196820166250663,0.17584080862928225,0.19836242714580285,0.2733574721624129,0.19283566744132194,0.21986676156170926,-0.1110644168856485,0.07881795951033883,-0.2500389481589613,0.1602978802626553,-0.04604725653107081,0.02698352987569902,0.1443020586970225,0.07133024451991263,0.02729902001252077,0.0786664739079421,0.9999999999999999,0.0,-0.048032373385673115,0.16775336492376525,clean
233,449,519,boathouse,6.584957102167737,spatial,0.07165125881008322,0.2820422649383545,-0.16458453903272358,0.35168402694341905,-0.12881449255035485,0.2879199437942124,0.38017244890160046,0.4489039200643011,0.28059627324935393,0.34411711906440084,-0.010555707377558874,0.2310893652289076,0.2745280025062481,0.39134323653535796,0.5713477402065785,0.49053825890360464,0.44384108733685806,0.5029760810065257,0.5089939899129831,0.5164039619387822,-0.19270689615013376,0.25397939436758893,-0.10710439658487667,0.16068442105810118,-0.1778554068161693,-0.0224282338123,0.09254553424984409,0.45948269096749184,0.02522045621953164,0.409297485694054,1.0000000000000002,0.0,-0.021097094442143995,0.2933390247713853,messy
65,446,549,binder,3.3338811513745656,spatial,0.1248094653589451,0.21751189231872559,0.010450823913606348,0.17275779722408177,0.0029628103192858627,0.38268626830173247,-0.09087880995999802,0.2642707815866611,0.10512769140994022,0.39190573543489315,0.10084324864432688,0.22357595275213946,-0.0939579523010547,0.16353590895139716,-0.09964580773821721,0.13182804706407225,0.11653741428318906,0.21804332135960697,0.22260619825199573,0.29438294463535725,0.0035575849571314656,0.18683893994789127,-0.2772175063257476,0.16616686838182657,0.018441659655690876,-0.18760503847325785,-0.3323204310173661,0.31799454746714023,-0.1853372380203586,0.3527635884218717,0.9999999999999999,0.0,-0.02775681011659286,0.13724146942248422,clean
115,735,608,poncho,2.2237201025554203,spatial,0.05137676106849648,0.31694304943084717,-0.023961334579362222,0.05442232242367029,-0.15745819691286064,0.05318540079406753,0.010658865607884274,0.030670853173195903,0.15561338861514915,0.09002885065892514,-0.029813932999453337,0.07190848222238107,0.13777752894676165,0.06547024898629342,0.10394545979690227,0.12973578803259797,0.16399332074828962,0.06802160422748932,0.21144066466870368,0.16188581975781424,-0.10613847726021798,0.035463570865030804,-0.1853775251630273,0.09225568372342954,0.14113819865485278,-0.03256315349393824,-0.12408112839324147,0.20310052667571882,-0.15276438341070028,0.17517931842105366,0.9999999999999999,0.0,0.0820995967458124,0.13800064873104456,clean
101,601,703,hoopskirt,6.702947606377519,spatial,0.09836895507134208,0.3975253105163574,-0.06578902956663739,0.3950327718328825,-0.30827520720915075,0.6195718367447791,0.23592481405414398,0.2286597400559097,0.3624838379899218,0.2928092558204977,-0.005764741827774209,0.17735028870810374,0.26067182794148314,0.27428437640342773,0.30287347677748544,0.4415689743439072,0.37316172077599413,0.3493851891676664,0.45538020401798934,0.5604969722050894,-0.47882425753218977,0.5902413925079693,0.02241395945703244,0.39990561454301343,0.029193334331433264,-0.026238100367281022,0.0434470815198314,0.4196090987011163,-0.02909312895337741,0.40128688122234923,0.9999999999999998,0.0,0.01184165268667451,0.3002347657296173,messy
25,579,881,grand piano,2.1005300820197084,spatial,0.06542626792691042,0.2317243218421936,0.14015551849024352,0.12587219964126692,-0.053329719940408436,-0.0046217851901723134,-0.07270638915218125,0.1073655505827633,0.010362617902348157,0.19770031881289607,-0.03243953400376803,0.05194727941586939,-0.08152283596528155,0.18071327836099962,-0.10990327315975011,0.06215886453640198,-0.21169377011964072,0.04135507043074454,-0.13163775534556496,0.15089993099906024,-0.21273501959297805,0.197982612958505,-0.25036145853203945,0.13253051753631045,-0.16932779286604469,-0.006851085429966527,-0.2374087178519434,0.07484468041825067,-0.28106264007152676,0.14778531394583008,1.0,0.0,-0.12742627339183205,0.11214688442118549,clean
153,966,572,red wine,0.4491740073547678,featural,0.12416155590810654,0.22339779138565063,-0.010125412583055013,-0.08804929422985672,0.11699264216374351,0.14593397246935683,0.21745134160557256,0.3273017367471943,0.16943102519127395,0.2244657438114896,-0.03631099341654183,-0.06858091954035275,0.23875331414360138,0.35098547903431715,0.15527099367443659,0.42521472766036217,0.143269741324025,0.3014671630778636,0.24708422706988184,0.467140519585004,-0.006324773778156173,0.08610462145749209,-0.0028414263859289877,0.1689083091437497,0.06983819293510489,0.09156080156614417,-0.36896237673087384,0.250586395424062,-0.23782272747388022,0.34141177671316747,1.0000000000000002,0.0,-0.02998036303876233,0.10756746498064354,clean
54,564,857,four-poster,1.8500946263273523,spatial,0.430354736625026,0.22656553983688354,0.015138955133800123,0.2933621173070602,0.0881927836358906,0.14847861077147403,0.13310076974862461,0.1390305426979985,0.08912372857042003,0.39395161135289763,0.1280991222343059,0.16309228837947348,0.0183654395794749,0.10760449378284583,0.22010306015354258,0.22549204496877226,0.27584811692997974,0.25479782509688986,0.30735285131579776,0.2716795583442415,-0.041035949892945595,0.23616460101507353,-0.10365414651772117,0.17757023826662197,-0.0035763495006449074,0.023122397867238076,-0.10710182404985602,0.24961347714149668,-0.026393808036816672,0.3647032240768705,0.9999999999999999,0.0,-0.03428701067313985,0.12869804484624364,clean
324,789,729,shoji,2.395933857201253,spatial,0.133132960496178,0.3184797167778015,-0.16017737338368457,0.0037937538968631345,-0.2252905070654256,0.07699726491486103,0.184104078207378,0.04636063534952187,0.24097101504449017,0.3226235812083056,0.08591816661343789,0.14473695037994258,0.2024065839252564,0.22493553774535593,0.2711927518336029,0.21856148479892107,0.21565659829307615,0.15338891962652662,0.25480862884311345,0.01991834316625054,-0.16742107505356194,-0.027655058689014494,-0.1109226416957588,0.019384048149075572,-0.13644653995430714,-0.11024370707261955,-0.08804707569302969,0.14323066321254393,0.20984416829378366,0.25411811813439245,1.0,0.0,-0.051492390054242554,0.19624554946277753,messy
80,629,551,lipstick,1.669595785762436,spatial,0.14202539143126236,0.233714759349823,-0.16247708019475163,0.06977403813375302,-0.13695690731176657,0.25666615926612024,0.03709270530766258,-0.0691076353384808,0.24858392103272717,0.2798211323588083,0.04723479567539299,0.04120786632237934,-0.01808953589709244,0.05558296504330647,0.10582616002714247,0.23193715374523385,-0.05223462568018642,0.013195923018323261,0.18329740731756822,0.11886715661893031,-0.3330110896504766,0.27277996228476564,-0.27050054412111435,0.401647535855423,0.06409899178370472,-0.09034160988214743,-0.03259980357705345,0.14883592354875855,0.18072325089098368,0.41323655425359174,1.0000000000000002,0.0,-0.045801216908011956,0.1820059366735756,messy
211,665,670,moped,1.161635044661995,spatial,0.10360730342369029,0.13552230596542358,-0.05080795167173824,0.12032528648668453,-0.06637004523906362,0.24972169809360673,0.16316989945229185,0.14908233450315564,0.20458527330262108,0.4616099353215916,0.04201315596975545,0.08558758190455436,0.16875926308916828,0.14849375831394396,0.2757957446529653,0.33784109876850155,0.0349211986587881,0.2152702244008356,0.03032590179304992,0.26437539001861654,-0.03072926675974427,0.24223868809029717,-0.20943771066028635,0.23918591824093513,0.11228486272599329,-0.042589076668011226,-0.10238226604718632,0.18790037492287567,-0.11819403923935883,0.20675623856358424,1.0,0.0,0.02437431849311376,0.141416239212261,clean
185,860,800,tobacco shop,5.210574649819486,spatial,0.09747244153970525,0.29160094261169434,0.14599304870958757,0.03943091376344579,-0.2913225156227157,0.2493977259176018,0.05735746054271767,-0.012012976484270623,0.27344145056783736,-0.003549774174286199,-0.09756484304557388,0.06709207675081427,0.21043213576049782,0.19290761077579552,0.24777887446566627,0.1035093133624921,0.3725675127281816,0.0660107022504207,0.3831469145401724,0.1342652537090673,-0.4499559829586941,0.16163442813824647,-0.5291016079694206,0.20150653710934788,-0.04820147943011831,-0.03839519790674922,-0.522656340829619,0.2144336625326011,-0.010765636605634506,-0.0557929307517133,0.9999999999999999,0.0,-0.0936046140372766,0.3252666211940555,messy
331,870,518,tricycle,1.4163640079442732,spatial,0.1063059462585414,0.26397913694381714,-0.08504042864735466,0.11113534972501748,0.0634100662132246,0.21350009890725286,0.29284034482610655,0.2907473874374807,0.11094223923364378,0.433042841921529,0.17100940303962017,0.15964503293509347,0.17111356000974523,0.3553056937592092,0.33163543615614877,0.29071766534362414,0.12367504917952953,0.2520909921387234,0.39625748741266825,0.3404768100583932,0.12363780993987251,0.0001747601593587102,-0.05866463093193352,0.13596663181778126,0.12353513820885101,0.06267047480990305,-0.16949854381105317,0.36773640778844346,0.014578797005889767,0.18304139034633685,1.0,0.0,0.0900913367994631,0.14970413514127084,clean
436,969,926,eggnog,4.160808245815073,spatial,0.07844615744078176,0.3451728820800781,-0.06601147810288245,-0.018241932435676584,0.07501522829255028,-0.034678620377827096,0.024721149270579012,0.05189302262114824,0.22486387436120928,0.18556521408444096,0.06063219742719195,0.0020806509788462474,0.23509416346521592,0.04544401412233151,0.14603848448878148,-0.038544264610276074,0.07738502684325005,-0.0010056539085111955,0.04754546701589933,-0.06316294036286198,-0.21770759803031456,-0.022299205826485327,-0.42234882757261566,0.049499924780522925,-0.10972841306707001,-0.051009936497670515,0.11959304488257981,-0.028142492122737922,0.22517504309514136,0.01365787120226431,1.0000000000000002,0.0,0.16844981293872802,0.19296050948863314,messy
187,823,617,stethoscope,1.7010249299758815,spatial,0.16517947657016824,0.2574535608291626,0.04255934826855831,-0.06556454161839008,-0.07616717332633992,0.3308239499424902,-0.16267516528232703,0.13012412472605156,0.27978358494595534,0.4364654369340511,0.005215117354775224,0.030994251574241564,0.26859080754433484,0.3861491187678769,0.21845876124885016,0.30167559696388224,0.33509665748098016,0.4081013646626457,0.32985557830084533,0.4194041603882055,-0.08605117997516967,0.5900963772916825,0.14497307408904397,0.26336819539000267,-0.034217235129120976,-0.1558906790181028,-0.15623529861886076,0.4119458920807246,-0.17995699185476088,0.48436854596910733,1.0,0.0,-0.02823840878326766,0.18116638067409768,messy
12,727,538,planetarium,1.273775725023717,spatial,0.4803158379148105,0.20422208309173584,0.008426522943942144,-0.06489818139692913,-0.1470871806321031,-0.03445593010614374,0.025809608093549333,-0.12187374144450194,0.0742503035287814,0.20530537197085205,-0.03726958779798907,-0.09004659926546944,0.05050792424281863,0.06169648188387459,-0.02512164637522468,0.1826371994017576,0.11224970652520463,0.031005807228307064,-0.08837269144309783,0.016253570934609142,-0.40504134004742864,0.2709736418763302,-0.22664063354047898,0.08383097442360116,0.07391841392477025,-0.0879372925277069,-0.030755464761103697,0.053224115995161074,-0.08648523457264962,0.14309618257016288,1.0,0.0,0.01857689284576206,0.1512928628173749,clean
119,570,691,gasmask,0.6952957516437885,spatial,0.17739031081343087,0.1966698169708252,-0.025304801372788285,0.002518107339176173,-0.028450734523897417,0.03843922051228472,0.0754035198222334,0.187011748341289,0.2279143871676154,0.032295579869832905,0.045473091521989306,-0.025339503958881144,0.36741938058821816,0.18175747033938283,0.33860342919158815,0.2291743753349321,0.3607788022369469,0.1876218542608476,0.34333263699171046,0.15979524592026745,-0.2797691057315644,0.09367869975497878,-0.3184517151640817,0.1481912474382851,0.08266648951940314,0.0990247170870901,-0.3307747592296511,0.11717158829193652,-0.23819788750005766,0.22174217597669668,0.9999999999999999,0.0,0.06258102761755446,0.250424488577171,messy
83,473,512,can opener,1.5383392106827674,spatial,0.19854445162093293,0.23038649559020996,-0.08037310753348106,0.14497396676966495,0.08556184334857805,0.09156181531444178,0.12339391953188612,0.10214506354928064,0.39872674190050866,0.4898012336907652,0.04468950309969558,0.19927804195501586,0.26872023388994865,0.09414769225266975,0.2183707237362204,0.061101887229996814,0.37575965588567223,0.20804379318912944,0.43938072331061434,0.20551234865765994,-0.2046811639422609,0.19609024582527218,-0.23078521203232427,0.30410161873233776,0.07310728599417009,-0.034230115958317764,-0.25534629919344404,0.45465049690573484,-0.03616058182532551,0.10451690302272916,1.0,0.0,0.1490672632431596,0.23475616585652526,messy
135,533,109,dishrag,6.491160218791017,spatial,0.04330561675865663,0.4107363224029541,0.011863173117292226,0.12049932929265926,-0.08808862297613375,0.03303239579369133,0.21383173865556557,0.007988298572575143,0.19721369731359117,0.15785643232414004,0.12883433448162446,-0.06178936723915375,0.19245654305062077,-0.048900738797760294,0.37257108541596956,0.05901035127557381,0.33922224804796924,0.023571929060237428,0.3002547989024368,0.07599443709972908,-0.3683723626913432,0.15254579285266728,-0.45501177315529834,0.1617973431942106,0.027468558519434687,-0.0717871148198948,-0.44488662477730573,0.16193134217262686,-0.5030356428557339,0.17136654080773417,0.9999999999999998,0.0,-0.16970105257358697,0.27713650538898,messy
196,552,37,feather boa,2.4601105342262812,spatial,0.45576545880278974,0.4890129566192627,-0.23571461027878257,0.24224727499274165,0.2458678954170635,0.5241486169108021,0.6913294266130358,0.7606457268096318,0.6026377581177469,0.7649385864563237,0.26317653061984825,0.307762494211549,0.473066504704697,0.5510849969202661,0.6107911254756637,0.620633030347082,0.7494209434574102,0.7690362209798848,0.757839383327368,0.7500660413636354,-0.7745653486001449,0.796065044123827,-0.7679192345106021,0.7828050403668554,0.22391823369075944,0.1194006960918521,-0.686789423855677,0.717859011850477,-0.6932199390913115,0.7184910328724169,1.0,0.0,-0.012724652893516647,0.5767794301137609,messy
422,492,519,chest,5.750022993937746,spatial,0.06463940729414308,0.13759243488311768,-0.2963376422622164,0.17084578519170437,-0.05004873674770409,0.3829101458110484,0.32107744417824813,0.41392496981018967,0.21140917894817648,0.37048263612361076,-0.03208686483236025,0.07382084410110178,0.3177271867017875,0.3984760804039007,0.527556671428736,0.5709940703440637,0.3816524137637681,0.5345368465270876,0.45800075561003606,0.5243591502280334,0.17682994155856072,0.3045244582973388,-0.26783142573028323,0.10506376060972002,0.0038885601615816045,-0.06165183350876241,-0.2693812875509862,0.28810886651430095,0.43147001845393124,0.4339812362245554,1.0000000000000002,0.0,-0.01307397643490257,0.2826783532735619,messy
434,602,416,horizontal bar,2.540305158848649,spatial,0.07362683296327283,0.17428195476531982,-0.04759190069807842,0.1476874594545061,0.10103371727013505,0.07695799491227918,0.33124235077057074,0.18784230085900092,0.3683043606568666,0.1969214567795054,0.06386104431565771,0.10343153615938985,0.3366645449660814,0.24032838126874523,0.22739224566843785,0.035500861289871045,0.24123053658890856,0.3022154193558447,0.5053471711053918,0.2656097143729882,0.07439792923674202,0.012791550353399458,0.15128772840526394,0.03949496193882348,-0.1633496668371551,-0.06186517366028144,0.13709497893744488,0.02264348226216343,0.20130884519332778,0.07448484883258949,1.0,0.0,-0.056483925706746145,0.16296046688140284,clean
114,535,592,disk brake,1.116819973855021,spatial,0.1158428598596648,0.25066477060317993,0.012094026329104605,-0.051697765780839074,-0.009623085286497463,0.11420114623928546,0.08874202379473829,0.06093159287253527,0.1318175398231158,0.186823044244862,-0.04908192137825164,-0.007954608988489502,-0.06199067012047119,0.23808182067869718,0.3893789941943308,0.20116109206798394,0.34874091939443214,0.1903310997608073,0.2708646654782809,0.15546425461493757,0.2606056181305542,0.36369916830011134,-0.02540580341571873,0.12070651120405984,-0.21525970973916725,0.05298707176645083,-0.015363192848069534,0.12233127443517104,0.2759468900629598,0.432335514688449,1.0000000000000002,0.0,-0.0401752520049776,0.16724637302603582,clean
57,755,517,radio telescope,3.9321450059613468,spatial,0.08052272150222495,0.30443692207336426,-0.10898768672159255,0.06343511931376665,0.11313614728476945,0.08772299960167326,0.2724577357346495,0.21448329348342715,0.09625733179282406,0.3164715225120248,0.14765272828470621,0.06571504840548706,0.004252750534194747,0.0916178559343989,0.3523089772866197,0.28111639960185825,0.2989504454775167,0.33865291306936907,0.1629322804425013,0.21643176417914148,-0.10929576658343981,0.06501875404945893,0.20808784985254308,0.18637486358629862,-0.02234657104545168,-0.14232381768934324,0.22746137700185265,0.20740046182722427,0.2181121638645574,0.38213208990510583,0.9999999999999998,0.0,0.03738553618731373,0.15406526187466213,clean
40,531,826,digital watch,0.8783414026361867,spatial,0.06003884443188823,0.16674214601516724,-0.08376535285896967,0.1534372722214655,0.0545049430016378,0.1299890873965234,0.20502793035951278,0.10694549439393787,0.16320357487460072,0.2978784050560307,0.05746508891172923,0.09117135751391463,0.3546529358528425,0.17685988769341285,0.21819009174070852,0.0884652218976627,0.10709535451811882,0.08192710400234886,0.20070996517896206,0.1681016206127287,-0.3988748997579245,0.2255182826532232,-0.23982554504553957,0.18099107487249172,0.03889807438139846,0.05435965069388961,-0.07879448311192898,0.06494779546907439,-0.04992083029107865,0.05157997787049659,1.0,0.0,-0.07152137744057448,0.22060597340840604,messy
410,708,894,pedestal,4.648705388947704,spatial,0.06243889821159204,0.236730694770813,-0.011251237042732662,0.15437333102464543,-0.20974497591100083,0.15688143191985512,0.02565131358598237,0.07879759123340882,0.0638366309218693,0.12700083486894176,-0.07684465402218461,0.15118886063722062,-0.010778144088829393,-0.04394944319542787,0.17130388206854735,0.08046566380176091,0.10091493682388569,0.0061360195163616005,-0.14593814366731983,0.06059385926236697,-0.014344645122702617,0.04324377970262368,0.23002044440275934,0.24214087241386317,0.16930991710471513,0.03213113176022685,0.1188045134980128,0.2705973516112111,-0.20216548646180377,0.23105835644715658,1.0,0.0,0.12942986837125164,0.1294003160306889,clean
49,488,507,chain,4.391395698571212,spatial,0.10590509524037248,0.24016541242599487,0.05748732416728662,0.23978615628622285,0.21640350834805752,0.30749778387353266,0.36029117767078117,0.4609783380473214,0.002780314006394134,0.5652760912201913,0.375367056273656,0.5294151653437976,0.6614188510872021,0.7692663550328462,0.6694847186308728,0.7028675391975238,0.5024865043379397,0.5721442616726758,0.6435169746649263,0.7057358170026585,-0.6793864120523296,0.8043269657649004,-0.7723777177440009,0.8378894981669699,0.017343248196946767,-0.04860755188256017,-0.7135164432760033,0.831959279375389,-0.40393767678546894,0.6609764889491534,0.9999999999999999,0.0,0.08292665944899807,0.5053600259958647,messy
106,606,596,iron,12.017612535521245,spatial,0.12562513236272688,0.24305462837219238,-0.0338665677927902,0.03686731745190509,-0.03506121367931687,0.24241849016248582,0.043007848344811514,0.16706291693528255,0.30170335299570405,0.32493052151957036,-0.0716164012114433,0.060775899388397316,0.3748090036990705,0.40403547237896403,0.6187438400179205,0.5494664425141609,0.4978159944012492,0.4752480056698383,0.5928259528536304,0.5547866923501914,-0.5714631535044701,0.46620503364369836,-0.6012314242414505,0.49301317650074444,-0.04283912251290433,-0.06467042798726043,-0.32790143105162217,0.35275111175475254,-0.3718197501448845,0.34749840287843975,0.9999999999999999,0.0,-0.12387578146535892,0.4240120793011187,messy
359,427,756,barrel,0.7023080079335434,spatial,0.22901445683011967,0.1611068844795227,0.2392625233118948,0.22518749583139766,-0.021030957760853838,0.09290570576512774,0.21300718095292098,0.06512643293034373,0.24443005446721341,0.01124271479602521,0.17329863670896328,0.24348058592829594,0.15801884507743974,0.06081163961421017,-0.01467416510389664,-0.1546579362299057,0.024252466514543804,-0.0032002087957617507,0.1370584605831957,-0.038484187212170666,-0.18685034995958355,0.1513630018129208,-0.11580872797293018,-0.034433126244656866,0.10202379650111462,-0.14591546351005233,-0.26332512904502337,0.046189758442715216,-0.2522452506324516,0.029083343804583675,1.0,0.0,0.057195506806611014,0.14828746072177118,clean
151,546,819,electric guitar,0.929235266592597,spatial,0.056938658674087594,0.21042406558990479,-0.04046958982682898,-0.0488503584143622,0.09277773716365391,0.1789259268469156,0.09054865646728702,-0.04381037121447228,0.08769237067860113,0.04630855073778197,-0.07228066283406494,-0.11400878133188562,-0.10941446491707095,0.17319740493455182,0.3524503524615827,0.23502703987069778,-0.0069422608014565595,0.10859598656088516,0.22874884582849314,0.04595097222450761,-0.3486871878376465,0.14945706871028727,-0.07598502334134735,0.20926009325884445,-0.009351218527995538,0.2111920886498589,-0.296205658644486,0.17457639524719512,-0.3327005991832222,0.1940153299405811,1.0,0.0,0.0422605558569463,0.18539219844321642,messy
90,776,513,sax,3.8881477568890213,spatial,0.10786797127757658,0.1695709228515625,-0.2445948528484054,0.3533860875089592,0.05877590044128251,0.14551248078688794,0.40184405359931663,0.3401942915337722,0.5886099538530539,0.6555660848296726,0.14702034403428976,0.06688414877321755,0.35331183295924984,0.47748823799471274,0.33036789670412725,0.3798506270274101,0.3142467414754977,0.3819558268801608,0.2833559795724599,0.4322446708412551,0.5308262085069992,0.7373089998223931,0.1606434333244884,0.6487848942477996,0.3044085391012139,0.11554141904008067,0.16956127377006205,0.6626247801981309,0.3079848587484599,0.788897010467396,1.0,0.0,0.13696870188766236,0.23150899240458866,messy
357,802,518,snowmobile,2.3550730509694815,spatial,0.12865985771283156,0.26846039295196533,-0.116990833013488,0.26912676526118473,0.1752024568722368,0.3649130283414759,0.1521848218229713,0.11149192293896093,0.23811370915967323,0.34836734410441444,-0.05314848131947942,0.1380557017299683,0.23239843676354574,0.27358668834998856,0.4801512037604678,0.32890707174591155,0.4544963696323339,0.31468381704370485,0.5110430964425543,0.4249592981158905,-0.025630350486610467,0.07228133827613714,-0.10628896163956572,0.007410068839188909,-0.2648255851846142,0.10414746627837414,0.1427206371359484,0.32330160855532986,0.2019850036496572,0.1987017434133685,1.0,0.0,0.1461027885693531,0.23422648947259944,messy
195,790,588,shopping basket,1.6552257937580992,spatial,0.08825114399841344,0.0988149642944336,0.06367678947535026,-0.04359172343186372,0.005592894678603391,0.3595194312210528,0.21698119607437774,-0.13886792515506727,0.31018889258621646,0.19599732089622612,0.038931008327490545,0.024059220502051597,0.2038337137914206,0.027947800145442604,0.17148910607241138,0.10769004469973384,0.3638201522284017,0.1776577259389581,0.4201079740028997,0.1931312323160156,-0.27791998882530883,0.028394424726952028,-0.21682624162892936,0.23199193478722874,-0.06954076575572232,0.025628190237164027,-0.1508832222806784,0.27000301463104365,-0.28840435199203723,-0.021354435922222467,0.9999999999999998,0.0,-0.07583943696700535,0.2234632715984659,messy
139,596,587,hatchet,0.5287159540289766,featural,1.0968654781694889,0.12848013639450073,0.118585367838651,0.33934885094806516,-0.39357241950995864,0.5773576292786637,0.17639295416322195,0.3960943592267379,-0.0655612512685932,0.4163161283780367,0.2032309216725423,0.4247434865494004,-0.2206463671648228,0.3851711432272589,0.2638234279380033,0.7025132632537276,-0.20978498178263494,0.42452222465538764,-0.17804333416597895,0.25457243102218163,-0.3487980335403883,0.5032773678810262,0.2658649228655751,0.30937436668281765,0.07824260235801582,0.08935314239701297,0.2046118069939219,0.4183931693552775,0.015686752718303516,0.16686592987891014,1.0,0.0,-0.14953741120072012,0.24865570109998889,messy
85,846,883,table lamp,1.650472444911703,spatial,0.10482316198062164,0.19655698537826538,-0.03496947691355548,-0.07517649900806816,-0.26646467687917935,0.38537540432552203,0.10697902564082536,0.1613072246480773,0.28823568303445285,0.25564370581387397,-0.08221736900686014,-0.011885577864103141,0.06609290392635372,0.1176606952680237,0.15338036531550234,0.18239141550913693,0.2500675724605824,0.24550624599636814,0.2053896693379557,0.18287227547384113,-0.4845391384783927,0.4070580552867517,-0.46743357526331053,0.24772656668395432,-0.13496692162975735,0.03282758247868049,-0.35385381880978634,0.24943816988270465,-0.380628411596538,0.3258506648725967,0.9999999999999998,0.0,0.11508831665319907,0.27440625955304965,messy
176,462,121,broom,2.2504999980568106,spatial,0.3112140591167678,0.34862107038497925,0.11205733286113753,0.035886249956821416,0.1290416028561097,0.17083888774724512,0.4988790125891759,0.5012269985282909,0.424013757129581,0.5057997243863502,0.2999379771669416,0.30116003809815417,0.25808224728454815,0.365359126752296,0.5970741370868955,0.522062573614926,0.48824103292054805,0.5208959774872025,0.5533158164417624,0.5973921216287679,-0.6135154752894374,0.6086911480950645,-0.044948185146582866,0.2680875395967457,-0.0865087904060072,0.011838928515280858,-0.4173490707568542,0.3574170114088234,-0.5182196148128668,0.3808761535308538,1.0000000000000002,0.0,-0.04321828787033805,0.35072853233789525,messy
143,509,582,confectionery,5.871501706346462,spatial,0.09801128085118727,0.14007848501205444,-0.19794790916221858,0.14001332359994706,0.1583090985899042,0.13758845733539277,0.3360048044638784,0.19495620779554582,0.2064400943150124,0.09586380084152207,0.24478705342978413,0.2608717649295247,0.11361693885902811,0.05905830122207192,0.1710702474267268,0.14724903357212962,0.2744466563929318,0.12387707363439752,0.2813248071976769,0.16266797215843729,0.003034362256055002,-0.13718185799620847,-0.11405434410993016,0.01910694603772167,0.02849468351322286,-0.03752143393385818,0.16468656993225325,0.35261505877559807,0.3662304424759863,0.13429515715415308,1.0,0.0,0.06498979156101573,0.17058994137417183,clean
