image_id,method,encoder,cs_cosine,cs_l2,y1,y2
44,KL-IG² (adaptive),ResNet,0.08367884159088135,6.187342643737793,520,765
44,KL-IG² (adaptive),ViT,0.17480158805847168,23.22369384765625,520,765
44,KL-IG² (adaptive),CLIP,0.0516585111618042,3.743421792984009,520,765
44,KL-IG²,ResNet,0.04789078235626221,5.075211048126221,520,765
44,KL-IG²,ViT,0.12702703475952148,20.525434494018555,520,765
44,KL-IG²,CLIP,0.03227996826171875,2.956498146057129,520,765
44,KL-IG (linear),ResNet,0.05397903919219971,5.271744728088379,520,765
44,KL-IG (linear),ViT,0.08064764738082886,16.278894424438477,520,765
44,KL-IG (linear),CLIP,0.01940023899078369,2.25624942779541,520,765
44,KLIG-Adaptive,ResNet,0.1207992434501648,7.56773042678833,520,765
44,KLIG-Adaptive,ViT,0.12117540836334229,20.917171478271484,520,765
44,KLIG-Adaptive,CLIP,0.04346323013305664,3.395691394805908,520,765
44,IG,ResNet,0.09085631370544434,6.659090042114258,520,765
44,IG,ViT,0.1880629062652588,26.907182693481445,520,765
44,IG,CLIP,0.02588486671447754,2.712580442428589,520,765
44,Random,ResNet,0.04864811897277832,4.892181396484375,520,765
44,Random,ViT,0.06894135475158691,17.214893341064453,520,765
44,Random,CLIP,0.039960622787475586,3.280574083328247,520,765
165,KL-IG² (adaptive),ResNet,0.1034126877784729,5.913545608520508,671,518
165,KL-IG² (adaptive),ViT,0.18437659740447998,26.622844696044922,671,518
165,KL-IG² (adaptive),CLIP,0.03949272632598877,3.2457494735717773,671,518
165,KL-IG²,ResNet,0.08568423986434937,5.856747627258301,671,518
165,KL-IG²,ViT,0.070656418800354,15.414732933044434,671,518
165,KL-IG²,CLIP,0.024667680263519287,2.5509538650512695,671,518
165,KL-IG (linear),ResNet,0.11475634574890137,6.872973442077637,671,518
165,KL-IG (linear),ViT,0.11644411087036133,21.428791046142578,671,518
165,KL-IG (linear),CLIP,0.04856640100479126,3.6591691970825195,671,518
165,KLIG-Adaptive,ResNet,0.217859148979187,9.504648208618164,671,518
165,KLIG-Adaptive,ViT,0.1698663830757141,26.24235725402832,671,518
165,KLIG-Adaptive,CLIP,0.07639777660369873,4.65828275680542,671,518
165,IG,ResNet,0.08562356233596802,5.851301193237305,671,518
165,IG,ViT,0.12442159652709961,23.215124130249023,671,518
165,IG,CLIP,0.03610944747924805,3.1878662109375,671,518
165,Random,ResNet,0.08128076791763306,5.545006275177002,671,518
165,Random,ViT,0.041360557079315186,13.550962448120117,671,518
165,Random,CLIP,0.025581002235412598,2.5022196769714355,671,518
40,KL-IG² (adaptive),ResNet,0.11226308345794678,6.151280403137207,529,520
40,KL-IG² (adaptive),ViT,0.11144578456878662,18.539697647094727,529,520
40,KL-IG² (adaptive),CLIP,0.03519546985626221,3.0447938442230225,529,520
40,KL-IG²,ResNet,0.06190311908721924,4.782595157623291,529,520
40,KL-IG²,ViT,0.0753406286239624,14.403258323669434,529,520
40,KL-IG²,CLIP,0.024118781089782715,2.553208827972412,529,520
40,KL-IG (linear),ResNet,0.07305866479873657,5.529006481170654,529,520
40,KL-IG (linear),ViT,0.10513758659362793,18.856950759887695,529,520
40,KL-IG (linear),CLIP,0.02399998903274536,2.563169002532959,529,520
40,KLIG-Adaptive,ResNet,0.07206529378890991,6.053957462310791,529,520
40,KLIG-Adaptive,ViT,0.1565767526626587,22.655778884887695,529,520
40,KLIG-Adaptive,CLIP,0.029604673385620117,2.860599994659424,529,520
40,IG,ResNet,0.09671342372894287,6.853245735168457,529,520
40,IG,ViT,0.11776310205459595,20.775583267211914,529,520
40,IG,CLIP,0.012631893157958984,1.8799076080322266,529,520
40,Random,ResNet,0.12031269073486328,5.991082668304443,529,520
40,Random,ViT,0.1569535732269287,22.12039566040039,529,520
40,Random,CLIP,0.02184152603149414,2.304205894470215,529,520
233,KL-IG² (adaptive),ResNet,0.13499665260314941,5.61207914352417,431,520
233,KL-IG² (adaptive),ViT,0.03553628921508789,9.156665802001953,431,520
233,KL-IG² (adaptive),CLIP,0.04816079139709473,3.498861789703369,431,520
233,KL-IG²,ResNet,0.06787383556365967,4.285261631011963,431,520
233,KL-IG²,ViT,0.059525251388549805,12.007716178894043,431,520
233,KL-IG²,CLIP,0.023212015628814697,2.454312801361084,431,520
233,KL-IG (linear),ResNet,0.10677844285964966,6.286808490753174,431,520
233,KL-IG (linear),ViT,0.04380011558532715,10.295348167419434,431,520
233,KL-IG (linear),CLIP,0.023416221141815186,2.5740513801574707,431,520
233,KLIG-Adaptive,ResNet,0.07982242107391357,6.184018135070801,431,520
233,KLIG-Adaptive,ViT,0.07448703050613403,12.826404571533203,431,520
233,KLIG-Adaptive,CLIP,0.15438377857208252,6.4981465339660645,431,520
233,IG,ResNet,0.12311214208602905,7.060866832733154,431,520
233,IG,ViT,0.08912622928619385,15.712991714477539,431,520
233,IG,CLIP,0.0585903525352478,3.929154396057129,431,520
233,Random,ResNet,0.09627896547317505,4.499669075012207,431,520
233,Random,ViT,0.03972822427749634,10.225746154785156,431,520
233,Random,CLIP,0.021693170070648193,2.362842082977295,431,520
87,KL-IG² (adaptive),ResNet,0.1603679656982422,7.887535095214844,926,521
87,KL-IG² (adaptive),ViT,0.22745007276535034,26.154830932617188,926,521
87,KL-IG² (adaptive),CLIP,0.08424240350723267,4.508845806121826,926,521
87,KL-IG²,ResNet,0.06481212377548218,4.89724588394165,926,521
87,KL-IG²,ViT,0.21435272693634033,25.141324996948242,926,521
87,KL-IG²,CLIP,0.038874804973602295,3.059068202972412,926,521
87,KL-IG (linear),ResNet,0.05734813213348389,4.502176284790039,926,521
87,KL-IG (linear),ViT,0.1354781985282898,19.49225616455078,926,521
87,KL-IG (linear),CLIP,0.03755611181259155,3.019468069076538,926,521
87,KLIG-Adaptive,ResNet,0.1848618984222412,9.49168586730957,926,521
87,KLIG-Adaptive,ViT,0.3548094630241394,35.40861511230469,926,521
87,KLIG-Adaptive,CLIP,0.07802003622055054,4.44352912902832,926,521
87,IG,ResNet,0.07062166929244995,5.847073554992676,926,521
87,IG,ViT,0.21829718351364136,27.1689453125,926,521
87,IG,CLIP,0.06432950496673584,4.16399621963501,926,521
87,Random,ResNet,0.06714487075805664,4.321196556091309,926,521
87,Random,ViT,0.053120195865631104,11.321557998657227,926,521
87,Random,CLIP,0.01905691623687744,2.218053102493286,926,521
151,KL-IG² (adaptive),ResNet,0.3187764883041382,10.471895217895508,518,450
151,KL-IG² (adaptive),ViT,0.33745455741882324,34.179351806640625,518,450
151,KL-IG² (adaptive),CLIP,0.06197768449783325,4.218868732452393,518,450
151,KL-IG²,ResNet,0.07512027025222778,5.3974385261535645,518,450
151,KL-IG²,ViT,0.18867278099060059,25.80071449279785,518,450
151,KL-IG²,CLIP,0.029031753540039062,2.874558210372925,518,450
151,KL-IG (linear),ResNet,0.10600459575653076,6.056426048278809,518,450
151,KL-IG (linear),ViT,0.23864120244979858,26.478687286376953,518,450
151,KL-IG (linear),CLIP,0.1558774709701538,6.501351833343506,518,450
151,KLIG-Adaptive,ResNet,0.1706256866455078,8.44443130493164,518,450
151,KLIG-Adaptive,ViT,0.2315516471862793,26.739696502685547,518,450
151,KLIG-Adaptive,CLIP,0.08674919605255127,4.903287887573242,518,450
151,IG,ResNet,0.0683322548866272,6.2534565925598145,518,450
151,IG,ViT,0.24499940872192383,30.951086044311523,518,450
151,IG,CLIP,0.034172654151916504,3.1242034435272217,518,450
151,Random,ResNet,0.08548402786254883,6.164433479309082,518,450
151,Random,ViT,0.059664785861968994,14.11385726928711,518,450
151,Random,CLIP,0.01595383882522583,1.9085873365402222,518,450
144,KL-IG² (adaptive),ResNet,0.20536208152770996,7.277453899383545,521,926
144,KL-IG² (adaptive),ViT,0.13099753856658936,16.734601974487305,521,926
144,KL-IG² (adaptive),CLIP,0.08037769794464111,4.6932053565979,521,926
144,KL-IG²,ResNet,0.11535531282424927,5.306441307067871,521,926
144,KL-IG²,ViT,0.047067224979400635,9.92396068572998,521,926
144,KL-IG²,CLIP,0.045457661151885986,3.4871811866760254,521,926
144,KL-IG (linear),ResNet,0.09834575653076172,4.940093517303467,521,926
144,KL-IG (linear),ViT,0.03841710090637207,10.0763521194458,521,926
144,KL-IG (linear),CLIP,0.025873124599456787,2.732234001159668,521,926
144,KLIG-Adaptive,ResNet,0.14468276500701904,6.053497314453125,521,926
144,KLIG-Adaptive,ViT,0.1221318244934082,17.602935791015625,521,926
144,KLIG-Adaptive,CLIP,0.1109965443611145,5.596780300140381,521,926
144,IG,ResNet,0.06820005178451538,4.219632625579834,521,926
144,IG,ViT,0.11081814765930176,16.436120986938477,521,926
144,IG,CLIP,0.021676719188690186,2.448626756668091,521,926
144,Random,ResNet,0.03827589750289917,2.9619226455688477,521,926
144,Random,ViT,0.023854970932006836,8.402570724487305,521,926
144,Random,CLIP,0.014945924282073975,1.9276468753814697,521,926
49,KL-IG² (adaptive),ResNet,0.1296776533126831,7.40574836730957,553,492
49,KL-IG² (adaptive),ViT,0.1394878625869751,22.216815948486328,553,492
49,KL-IG² (adaptive),CLIP,0.09982025623321533,5.171726226806641,553,492
49,KL-IG²,ResNet,0.06197202205657959,5.30610990524292,553,492
49,KL-IG²,ViT,0.12764966487884521,20.056926727294922,553,492
49,KL-IG²,CLIP,0.040956318378448486,3.3996028900146484,553,492
49,KL-IG (linear),ResNet,0.1079254150390625,7.070024013519287,553,492
49,KL-IG (linear),ViT,0.14554762840270996,20.986181259155273,553,492
49,KL-IG (linear),CLIP,0.07396173477172852,4.428810119628906,553,492
49,KLIG-Adaptive,ResNet,0.1662808060646057,8.255603790283203,553,492
49,KLIG-Adaptive,ViT,0.17859619855880737,23.292444229125977,553,492
49,KLIG-Adaptive,CLIP,0.06316542625427246,4.079164981842041,553,492
49,IG,ResNet,0.05104494094848633,5.7629547119140625,553,492
49,IG,ViT,0.08799099922180176,17.365177154541016,553,492
49,IG,CLIP,0.012504398822784424,1.9038063287734985,553,492
49,Random,ResNet,0.042848050594329834,4.683410167694092,553,492
49,Random,ViT,0.024787425994873047,8.664015769958496,553,492
49,Random,CLIP,0.024265766143798828,2.563707113265991,553,492
26,KL-IG² (adaptive),ResNet,0.18724089860916138,7.585668563842773,519,492
26,KL-IG² (adaptive),ViT,0.15697628259658813,18.622249603271484,519,492
26,KL-IG² (adaptive),CLIP,0.06167203187942505,4.168120384216309,519,492
26,KL-IG²,ResNet,0.07785511016845703,5.228849411010742,519,492
26,KL-IG²,ViT,0.08375972509384155,13.68331241607666,519,492
26,KL-IG²,CLIP,0.018885254859924316,2.284040689468384,519,492
26,KL-IG (linear),ResNet,0.15259605646133423,7.77597188949585,519,492
26,KL-IG (linear),ViT,0.08922594785690308,14.689764976501465,519,492
26,KL-IG (linear),CLIP,0.01518094539642334,2.0403645038604736,519,492
26,KLIG-Adaptive,ResNet,0.2655777931213379,10.027341842651367,519,492
26,KLIG-Adaptive,ViT,0.07621729373931885,13.411664009094238,519,492
26,KLIG-Adaptive,CLIP,0.045273423194885254,3.5273799896240234,519,492
26,IG,ResNet,0.10896313190460205,7.122460842132568,519,492
26,IG,ViT,0.13482069969177246,20.02689552307129,519,492
26,IG,CLIP,0.027676761150360107,2.800602436065674,519,492
26,Random,ResNet,0.06570065021514893,4.998317718505859,519,492
26,Random,ViT,0.05505633354187012,13.004477500915527,519,492
26,Random,CLIP,0.048933327198028564,3.5495617389678955,519,492
164,KL-IG² (adaptive),ResNet,0.04817849397659302,4.784704208374023,516,520
164,KL-IG² (adaptive),ViT,0.1460820436477661,19.23497772216797,516,520
164,KL-IG² (adaptive),CLIP,0.03989064693450928,3.1353330612182617,516,520
164,KL-IG²,ResNet,0.06891083717346191,5.918817520141602,516,520
164,KL-IG²,ViT,0.18588674068450928,23.69833755493164,516,520
164,KL-IG²,CLIP,0.022802233695983887,2.4556124210357666,516,520
164,KL-IG (linear),ResNet,0.0541951060295105,5.223948001861572,516,520
164,KL-IG (linear),ViT,0.056010305881500244,11.68492603302002,516,520
164,KL-IG (linear),CLIP,0.025972366333007812,2.504408359527588,516,520
164,KLIG-Adaptive,ResNet,0.06760931015014648,5.532591819763184,516,520
164,KLIG-Adaptive,ViT,0.1019054651260376,16.09807014465332,516,520
164,KLIG-Adaptive,CLIP,0.01918858289718628,2.2374823093414307,516,520
164,IG,ResNet,0.06301826238632202,5.603728294372559,516,520
164,IG,ViT,0.1012946367263794,17.79998779296875,516,520
164,IG,CLIP,0.014358282089233398,1.9972355365753174,516,520
164,Random,ResNet,0.05513167381286621,5.565375804901123,516,520
164,Random,ViT,0.0287744402885437,9.256674766540527,516,520
164,Random,CLIP,0.01806819438934326,2.09226393699646,516,520
127,KL-IG² (adaptive),ResNet,0.07195526361465454,6.659937381744385,827,831
127,KL-IG² (adaptive),ViT,0.30767929553985596,30.895294189453125,827,831
127,KL-IG² (adaptive),CLIP,0.041173696517944336,3.5067973136901855,827,831
127,KL-IG²,ResNet,0.07679116725921631,7.0894927978515625,827,831
127,KL-IG²,ViT,0.21087485551834106,26.197017669677734,827,831
127,KL-IG²,CLIP,0.04297840595245361,3.539154291152954,827,831
127,KL-IG (linear),ResNet,0.08827352523803711,7.070120334625244,827,831
127,KL-IG (linear),ViT,0.22445428371429443,30.392553329467773,827,831
127,KL-IG (linear),CLIP,0.03552156686782837,3.019026517868042,827,831
127,KLIG-Adaptive,ResNet,0.08420467376708984,6.72630500793457,827,831
127,KLIG-Adaptive,ViT,0.22129440307617188,28.875076293945312,827,831
127,KLIG-Adaptive,CLIP,0.0357363224029541,3.0541863441467285,827,831
127,IG,ResNet,0.0614628791809082,5.156609535217285,827,831
127,IG,ViT,0.21620893478393555,26.871837615966797,827,831
127,IG,CLIP,0.018273353576660156,2.173438310623169,827,831
127,Random,ResNet,0.05697226524353027,5.556300640106201,827,831
127,Random,ViT,0.07176464796066284,18.022201538085938,827,831
127,Random,CLIP,0.021684348583221436,2.4063215255737305,827,831
110,KL-IG² (adaptive),ResNet,0.20380836725234985,8.03769588470459,651,729
110,KL-IG² (adaptive),ViT,0.20282459259033203,25.75160026550293,651,729
110,KL-IG² (adaptive),CLIP,0.04894757270812988,3.7400529384613037,651,729
110,KL-IG²,ResNet,0.1082693338394165,5.92095947265625,651,729
110,KL-IG²,ViT,0.2029849886894226,26.065874099731445,651,729
110,KL-IG²,CLIP,0.04818844795227051,3.7160189151763916,651,729
110,KL-IG (linear),ResNet,0.12463152408599854,6.466373443603516,651,729
110,KL-IG (linear),ViT,0.18238908052444458,22.621505737304688,651,729
110,KL-IG (linear),CLIP,0.02002847194671631,2.3501203060150146,651,729
110,KLIG-Adaptive,ResNet,0.1287926435470581,6.162388801574707,651,729
110,KLIG-Adaptive,ViT,0.34822094440460205,29.08164405822754,651,729
110,KLIG-Adaptive,CLIP,0.036641597747802734,3.1763789653778076,651,729
110,IG,ResNet,0.08268499374389648,4.748451232910156,651,729
110,IG,ViT,0.16124236583709717,19.493183135986328,651,729
110,IG,CLIP,0.013209342956542969,1.9360325336456299,651,729
110,Random,ResNet,0.05550682544708252,4.184515476226807,651,729
110,Random,ViT,0.02230513095855713,8.792734146118164,651,729
110,Random,CLIP,0.02076590061187744,2.324284553527832,651,729
123,KL-IG² (adaptive),ResNet,0.08464252948760986,6.105214595794678,670,518
123,KL-IG² (adaptive),ViT,0.09573119878768921,17.52556610107422,670,518
123,KL-IG² (adaptive),CLIP,0.03745454549789429,2.9935965538024902,670,518
123,KL-IG²,ResNet,0.0771215558052063,5.915120601654053,670,518
123,KL-IG²,ViT,0.1008598804473877,17.914304733276367,670,518
123,KL-IG²,CLIP,0.04445528984069824,3.2569503784179688,670,518
123,KL-IG (linear),ResNet,0.11241614818572998,7.312810897827148,670,518
123,KL-IG (linear),ViT,0.1076047420501709,18.62668800354004,670,518
123,KL-IG (linear),CLIP,0.08247154951095581,4.483980178833008,670,518
123,KLIG-Adaptive,ResNet,0.10201889276504517,7.304003715515137,670,518
123,KLIG-Adaptive,ViT,0.08748412132263184,16.910919189453125,670,518
123,KLIG-Adaptive,CLIP,0.029607176780700684,2.6745996475219727,670,518
123,IG,ResNet,0.1138073205947876,8.2650728225708,670,518
123,IG,ViT,0.16687089204788208,25.953323364257812,670,518
123,IG,CLIP,0.044600069522857666,3.465207576751709,670,518
123,Random,ResNet,0.06111884117126465,4.52496862411499,670,518
123,Random,ViT,0.06208527088165283,14.459453582763672,670,518
123,Random,CLIP,0.04935944080352783,3.2701077461242676,670,518
174,KL-IG² (adaptive),ResNet,0.07717281579971313,5.692389488220215,634,519
174,KL-IG² (adaptive),ViT,0.22150909900665283,25.351219177246094,634,519
174,KL-IG² (adaptive),CLIP,0.025725722312927246,2.7271599769592285,634,519
174,KL-IG²,ResNet,0.09494960308074951,7.157642364501953,634,519
174,KL-IG²,ViT,0.1943802833557129,24.868499755859375,634,519
174,KL-IG²,CLIP,0.02195519208908081,2.4847257137298584,634,519
174,KL-IG (linear),ResNet,0.07931071519851685,6.330147743225098,634,519
174,KL-IG (linear),ViT,0.23439323902130127,25.921125411987305,634,519
174,KL-IG (linear),CLIP,0.039618849754333496,3.373507022857666,634,519
174,KLIG-Adaptive,ResNet,0.0619739294052124,5.272803783416748,634,519
174,KLIG-Adaptive,ViT,0.24210011959075928,26.723665237426758,634,519
174,KLIG-Adaptive,CLIP,0.012151241302490234,1.838494896888733,634,519
174,IG,ResNet,0.04939877986907959,4.397212505340576,634,519
174,IG,ViT,0.21053844690322876,26.508302688598633,634,519
174,IG,CLIP,0.007983684539794922,1.480309247970581,634,519
174,Random,ResNet,0.05305171012878418,4.5815510749816895,634,519
174,Random,ViT,0.12580466270446777,21.779783248901367,634,519
174,Random,CLIP,0.02873516082763672,2.948958396911621,634,519
210,KL-IG² (adaptive),ResNet,0.05929821729660034,5.699116230010986,708,894
210,KL-IG² (adaptive),ViT,0.22178375720977783,28.38773536682129,708,894
210,KL-IG² (adaptive),CLIP,0.015159368515014648,2.116896152496338,708,894
210,KL-IG²,ResNet,0.04601675271987915,5.281961441040039,708,894
210,KL-IG²,ViT,0.11781609058380127,21.35421371459961,708,894
210,KL-IG²,CLIP,0.05060315132141113,3.8977057933807373,708,894
210,KL-IG (linear),ResNet,0.05833780765533447,5.401881694793701,708,894
210,KL-IG (linear),ViT,0.21968209743499756,29.410175323486328,708,894
210,KL-IG (linear),CLIP,0.011522829532623291,1.8153146505355835,708,894
210,KLIG-Adaptive,ResNet,0.06181836128234863,5.875213146209717,708,894
210,KLIG-Adaptive,ViT,0.19338113069534302,28.692638397216797,708,894
210,KLIG-Adaptive,CLIP,0.05875599384307861,4.123324394226074,708,894
210,IG,ResNet,0.04343593120574951,4.497684001922607,708,894
210,IG,ViT,0.1768774390220642,27.789648056030273,708,894
210,IG,CLIP,0.034774839878082275,3.1293318271636963,708,894
210,Random,ResNet,0.027861833572387695,3.6229310035705566,708,894
210,Random,ViT,0.06966584920883179,16.38396453857422,708,894
210,Random,CLIP,0.01053464412689209,1.7782152891159058,708,894
195,KL-IG² (adaptive),ResNet,0.12663131952285767,5.090373516082764,805,518
195,KL-IG² (adaptive),ViT,0.26577824354171753,29.955806732177734,805,518
195,KL-IG² (adaptive),CLIP,0.10722804069519043,5.265382289886475,805,518
195,KL-IG²,ResNet,0.07274633646011353,3.9519894123077393,805,518
195,KL-IG²,ViT,0.15230166912078857,22.82476043701172,805,518
195,KL-IG²,CLIP,0.051143527030944824,3.571052312850952,805,518
195,KL-IG (linear),ResNet,0.12952816486358643,5.327784538269043,805,518
195,KL-IG (linear),ViT,0.04269111156463623,10.80264949798584,805,518
195,KL-IG (linear),CLIP,0.032632291316986084,2.910599946975708,805,518
195,KLIG-Adaptive,ResNet,0.16545838117599487,5.192253589630127,805,518
195,KLIG-Adaptive,ViT,0.14321327209472656,19.7314395904541,805,518
195,KLIG-Adaptive,CLIP,0.08842003345489502,4.714090824127197,805,518
195,IG,ResNet,0.09738308191299438,5.003920078277588,805,518
195,IG,ViT,0.032071471214294434,9.610832214355469,805,518
195,IG,CLIP,0.04699671268463135,3.461583137512207,805,518
195,Random,ResNet,0.0737186074256897,4.369555950164795,805,518
195,Random,ViT,0.01979386806488037,7.784022808074951,805,518
195,Random,CLIP,0.036856889724731445,2.928382635116577,805,518
131,KL-IG² (adaptive),ResNet,0.12374025583267212,7.822076320648193,870,518
131,KL-IG² (adaptive),ViT,0.17671144008636475,26.154754638671875,870,518
131,KL-IG² (adaptive),CLIP,0.04855084419250488,3.390713930130005,870,518
131,KL-IG²,ResNet,0.09268796443939209,6.830613136291504,870,518
131,KL-IG²,ViT,0.10529881715774536,20.214263916015625,870,518
131,KL-IG²,CLIP,0.04693824052810669,3.2891855239868164,870,518
131,KL-IG (linear),ResNet,0.09972512722015381,6.527777194976807,870,518
131,KL-IG (linear),ViT,0.07789397239685059,16.17835235595703,870,518
131,KL-IG (linear),CLIP,0.053066253662109375,3.6166412830352783,870,518
131,KLIG-Adaptive,ResNet,0.08834528923034668,6.617081642150879,870,518
131,KLIG-Adaptive,ViT,0.11989337205886841,20.18203353881836,870,518
131,KLIG-Adaptive,CLIP,0.055918335914611816,3.7292404174804688,870,518
131,IG,ResNet,0.09149730205535889,7.239738464355469,870,518
131,IG,ViT,0.15172111988067627,22.761882781982422,870,518
131,IG,CLIP,0.10988444089889526,5.515293598175049,870,518
131,Random,ResNet,0.10382884740829468,7.727243900299072,870,518
131,Random,ViT,0.03471505641937256,11.035768508911133,870,518
131,Random,CLIP,0.02403998374938965,2.3306689262390137,870,518
71,KL-IG² (adaptive),ResNet,0.11239743232727051,6.129373550415039,544,926
71,KL-IG² (adaptive),ViT,0.07959491014480591,17.62276840209961,544,926
71,KL-IG² (adaptive),CLIP,0.0497136116027832,3.321136236190796,544,926
71,KL-IG²,ResNet,0.06335234642028809,4.710092067718506,544,926
71,KL-IG²,ViT,0.060916900634765625,14.717365264892578,544,926
71,KL-IG²,CLIP,0.04083907604217529,2.934880495071411,544,926
71,KL-IG (linear),ResNet,0.08572763204574585,5.042881488800049,544,926
71,KL-IG (linear),ViT,0.10106480121612549,17.962369918823242,544,926
71,KL-IG (linear),CLIP,0.0312764048576355,2.690415859222412,544,926
71,KLIG-Adaptive,ResNet,0.06284397840499878,4.704198360443115,544,926
71,KLIG-Adaptive,ViT,0.1259479522705078,20.318246841430664,544,926
71,KLIG-Adaptive,CLIP,0.04029268026351929,3.0423781871795654,544,926
71,IG,ResNet,0.0613783597946167,5.030100345611572,544,926
71,IG,ViT,0.10260635614395142,20.674083709716797,544,926
71,IG,CLIP,0.10026693344116211,5.074019432067871,544,926
71,Random,ResNet,0.02954268455505371,3.8569655418395996,544,926
71,Random,ViT,0.031638920307159424,10.299120903015137,544,926
71,Random,CLIP,0.0227583646774292,2.367260456085205,544,926
185,KL-IG² (adaptive),ResNet,0.057138264179229736,4.807092189788818,561,519
185,KL-IG² (adaptive),ViT,0.22669696807861328,25.528724670410156,561,519
185,KL-IG² (adaptive),CLIP,0.1066511869430542,5.521284580230713,561,519
185,KL-IG²,ResNet,0.10015690326690674,6.244338035583496,561,519
185,KL-IG²,ViT,0.3666266202926636,32.89258575439453,561,519
185,KL-IG²,CLIP,0.05215036869049072,3.6466546058654785,561,519
185,KL-IG (linear),ResNet,0.07511907815933228,5.3049092292785645,561,519
185,KL-IG (linear),ViT,0.30232900381088257,31.03994369506836,561,519
185,KL-IG (linear),CLIP,0.056468844413757324,3.8875443935394287,561,519
185,KLIG-Adaptive,ResNet,0.11104363203048706,6.473966121673584,561,519
185,KLIG-Adaptive,ViT,0.16302669048309326,21.13536834716797,561,519
185,KLIG-Adaptive,CLIP,0.09503084421157837,5.0288872718811035,561,519
185,IG,ResNet,0.06265759468078613,4.9739203453063965,561,519
185,IG,ViT,0.1305561661720276,20.538249969482422,561,519
185,IG,CLIP,0.041526198387145996,3.318227529525757,561,519
185,Random,ResNet,0.04589414596557617,4.285420894622803,561,519
185,Random,ViT,0.10370683670043945,17.64022445678711,561,519
185,Random,CLIP,0.11529064178466797,5.348992347717285,561,519
203,KL-IG² (adaptive),ResNet,0.14799654483795166,6.890914440155029,669,520
203,KL-IG² (adaptive),ViT,0.24833619594573975,29.359098434448242,669,520
203,KL-IG² (adaptive),CLIP,0.14820384979248047,6.316090106964111,669,520
203,KL-IG²,ResNet,0.07196301221847534,4.888908863067627,669,520
203,KL-IG²,ViT,0.3558473587036133,34.05428695678711,669,520
203,KL-IG²,CLIP,0.09588557481765747,5.086830139160156,669,520
203,KL-IG (linear),ResNet,0.11669069528579712,5.700868606567383,669,520
203,KL-IG (linear),ViT,0.1446131467819214,20.882631301879883,669,520
203,KL-IG (linear),CLIP,0.015594005584716797,1.9693918228149414,669,520
203,KLIG-Adaptive,ResNet,0.16013962030410767,6.790918350219727,669,520
203,KLIG-Adaptive,ViT,0.13889557123184204,20.614803314208984,669,520
203,KLIG-Adaptive,CLIP,0.10890936851501465,5.122891426086426,669,520
203,IG,ResNet,0.10116398334503174,6.505237579345703,669,520
203,IG,ViT,0.14957565069198608,20.545671463012695,669,520
203,IG,CLIP,0.028476595878601074,2.8016164302825928,669,520
203,Random,ResNet,0.08859860897064209,5.331870079040527,669,520
203,Random,ViT,0.06594514846801758,14.470209121704102,669,520
203,Random,CLIP,0.06452453136444092,4.044381618499756,669,520
168,KL-IG² (adaptive),ResNet,0.04163157939910889,4.4039483070373535,469,925
168,KL-IG² (adaptive),ViT,0.1519632339477539,20.443477630615234,469,925
168,KL-IG² (adaptive),CLIP,0.021394193172454834,2.3370583057403564,469,925
168,KL-IG²,ResNet,0.05134260654449463,4.6956963539123535,469,925
168,KL-IG²,ViT,0.1374528408050537,19.860918045043945,469,925
168,KL-IG²,CLIP,0.05938148498535156,3.946145534515381,469,925
168,KL-IG (linear),ResNet,0.043606579303741455,4.424180030822754,469,925
168,KL-IG (linear),ViT,0.10207360982894897,17.143817901611328,469,925
168,KL-IG (linear),CLIP,0.03684806823730469,3.163787603378296,469,925
168,KLIG-Adaptive,ResNet,0.04535132646560669,4.43444299697876,469,925
168,KLIG-Adaptive,ViT,0.10292226076126099,17.425180435180664,469,925
168,KLIG-Adaptive,CLIP,0.02751481533050537,2.5181596279144287,469,925
168,IG,ResNet,0.05675220489501953,4.97668981552124,469,925
168,IG,ViT,0.10962867736816406,17.888267517089844,469,925
168,IG,CLIP,0.05488288402557373,3.8167102336883545,469,925
168,Random,ResNet,0.03728282451629639,4.097825527191162,469,925
168,Random,ViT,0.026949048042297363,9.645903587341309,469,925
168,Random,CLIP,0.013371407985687256,1.9052300453186035,469,925
94,KL-IG² (adaptive),ResNet,0.10828018188476562,6.726268768310547,729,519
94,KL-IG² (adaptive),ViT,0.11623907089233398,18.559858322143555,729,519
94,KL-IG² (adaptive),CLIP,0.029200077056884766,2.7661848068237305,729,519
94,KL-IG²,ResNet,0.06737446784973145,4.907183647155762,729,519
94,KL-IG²,ViT,0.17184841632843018,23.324729919433594,729,519
94,KL-IG²,CLIP,0.05056565999984741,3.5996124744415283,729,519
94,KL-IG (linear),ResNet,0.1128959059715271,5.964591026306152,729,519
94,KL-IG (linear),ViT,0.24757403135299683,25.216699600219727,729,519
94,KL-IG (linear),CLIP,0.15169298648834229,6.502540588378906,729,519
94,KLIG-Adaptive,ResNet,0.07943159341812134,5.119974613189697,729,519
94,KLIG-Adaptive,ViT,0.21614015102386475,23.772586822509766,729,519
94,KLIG-Adaptive,CLIP,0.06305760145187378,4.252895355224609,729,519
94,IG,ResNet,0.07202428579330444,5.0722455978393555,729,519
94,IG,ViT,0.11201214790344238,18.61463737487793,729,519
94,IG,CLIP,0.05012857913970947,3.8060591220855713,729,519
94,Random,ResNet,0.04225516319274902,3.7661640644073486,729,519
94,Random,ViT,0.04374057054519653,11.010360717773438,729,519
94,Random,CLIP,0.011843442916870117,1.7084825038909912,729,519
11,KL-IG² (adaptive),ResNet,0.09306204319000244,6.81544303894043,665,670
11,KL-IG² (adaptive),ViT,0.32307183742523193,31.489503860473633,665,670
11,KL-IG² (adaptive),CLIP,0.048321425914764404,3.566335678100586,665,670
11,KL-IG²,ResNet,0.08947736024856567,7.171528339385986,665,670
11,KL-IG²,ViT,0.25552117824554443,28.33077621459961,665,670
11,KL-IG²,CLIP,0.053233444690704346,3.7280666828155518,665,670
11,KL-IG (linear),ResNet,0.06819480657577515,5.700801849365234,665,670
11,KL-IG (linear),ViT,0.0918930172920227,15.39855670928955,665,670
11,KL-IG (linear),CLIP,0.029695868492126465,2.869824171066284,665,670
11,KLIG-Adaptive,ResNet,0.06379169225692749,5.554931163787842,665,670
11,KLIG-Adaptive,ViT,0.1579282283782959,20.22582244873047,665,670
11,KLIG-Adaptive,CLIP,0.01868993043899536,2.2657148838043213,665,670
11,IG,ResNet,0.06588387489318848,5.73927640914917,665,670
11,IG,ViT,0.06567656993865967,13.926806449890137,665,670
11,IG,CLIP,0.034996986389160156,3.178440809249878,665,670
11,Random,ResNet,0.07582950592041016,7.025885105133057,665,670
11,Random,ViT,0.03979969024658203,11.194060325622559,665,670
11,Random,CLIP,0.06404006481170654,3.6546471118927,665,670
222,KL-IG² (adaptive),ResNet,0.1449573040008545,7.6646599769592285,492,519
222,KL-IG² (adaptive),ViT,0.1591188907623291,21.031911849975586,492,519
222,KL-IG² (adaptive),CLIP,0.04595059156417847,3.5748043060302734,492,519
222,KL-IG²,ResNet,0.14550882577896118,7.927656650543213,492,519
222,KL-IG²,ViT,0.21469342708587646,26.34624671936035,492,519
222,KL-IG²,CLIP,0.040831685066223145,3.3592336177825928,492,519
222,KL-IG (linear),ResNet,0.12902772426605225,6.931302070617676,492,519
222,KL-IG (linear),ViT,0.1328585147857666,20.375507354736328,492,519
222,KL-IG (linear),CLIP,0.03290438652038574,3.0194754600524902,492,519
222,KLIG-Adaptive,ResNet,0.1790926456451416,8.39315128326416,492,519
222,KLIG-Adaptive,ViT,0.2218637466430664,25.68722915649414,492,519
222,KLIG-Adaptive,CLIP,0.10451650619506836,5.399526119232178,492,519
222,IG,ResNet,0.07562780380249023,5.869682312011719,492,519
222,IG,ViT,0.1552506685256958,21.238832473754883,492,519
222,IG,CLIP,0.02771604061126709,2.8511064052581787,492,519
222,Random,ResNet,0.04521214962005615,4.2253828048706055,492,519
222,Random,ViT,0.0720067024230957,17.698850631713867,492,519
222,Random,CLIP,0.02723526954650879,2.714953660964966,492,519
181,KL-IG² (adaptive),ResNet,0.12209248542785645,7.603681564331055,444,665
181,KL-IG² (adaptive),ViT,0.11716777086257935,19.552297592163086,444,665
181,KL-IG² (adaptive),CLIP,0.03483283519744873,3.0617523193359375,444,665
181,KL-IG²,ResNet,0.08692502975463867,6.829312324523926,444,665
181,KL-IG²,ViT,0.17427092790603638,23.47856903076172,444,665
181,KL-IG²,CLIP,0.013965845108032227,1.9304835796356201,444,665
181,KL-IG (linear),ResNet,0.09028804302215576,7.847601413726807,444,665
181,KL-IG (linear),ViT,0.05306065082550049,13.865880012512207,444,665
181,KL-IG (linear),CLIP,0.0687723159790039,4.400191783905029,444,665
181,KLIG-Adaptive,ResNet,0.11009395122528076,8.175496101379395,444,665
181,KLIG-Adaptive,ViT,0.16087913513183594,22.956159591674805,444,665
181,KLIG-Adaptive,CLIP,0.06038498878479004,4.183335304260254,444,665
181,IG,ResNet,0.049938082695007324,5.584420204162598,444,665
181,IG,ViT,0.09738326072692871,18.47971534729004,444,665
181,IG,CLIP,0.03994119167327881,3.335707902908325,444,665
181,Random,ResNet,0.1327286958694458,7.67692756652832,444,665
181,Random,ViT,0.029142022132873535,10.63928508758545,444,665
181,Random,CLIP,0.0216330885887146,2.3410942554473877,444,665
159,KL-IG² (adaptive),ResNet,0.08075439929962158,5.385233402252197,427,756
159,KL-IG² (adaptive),ViT,0.15122336149215698,22.08249282836914,427,756
159,KL-IG² (adaptive),CLIP,0.027014613151550293,2.7078723907470703,427,756
159,KL-IG²,ResNet,0.09589362144470215,5.46059513092041,427,756
159,KL-IG²,ViT,0.13300156593322754,19.84847640991211,427,756
159,KL-IG²,CLIP,0.025410771369934082,2.6512391567230225,427,756
159,KL-IG (linear),ResNet,0.14817804098129272,6.800883769989014,427,756
159,KL-IG (linear),ViT,0.19338548183441162,26.058349609375,427,756
159,KL-IG (linear),CLIP,0.01923823356628418,2.323798656463623,427,756
159,KLIG-Adaptive,ResNet,0.11251711845397949,5.793025493621826,427,756
159,KLIG-Adaptive,ViT,0.13202428817749023,22.04804801940918,427,756
159,KLIG-Adaptive,CLIP,0.03329735994338989,3.0026791095733643,427,756
159,IG,ResNet,0.07350993156433105,4.653866767883301,427,756
159,IG,ViT,0.1344820261001587,23.061077117919922,427,756
159,IG,CLIP,0.02410680055618286,2.5383498668670654,427,756
159,Random,ResNet,0.0727992057800293,5.258248329162598,427,756
159,Random,ViT,0.04512256383895874,12.339670181274414,427,756
159,Random,CLIP,0.019916296005249023,2.304372549057007,427,756
92,KL-IG² (adaptive),ResNet,0.17080390453338623,7.842273235321045,962,521
92,KL-IG² (adaptive),ViT,0.27437150478363037,31.32269859313965,962,521
92,KL-IG² (adaptive),CLIP,0.08844900131225586,4.687945365905762,962,521
92,KL-IG²,ResNet,0.07401549816131592,5.461801528930664,962,521
92,KL-IG²,ViT,0.2130987048149109,26.87470245361328,962,521
92,KL-IG²,CLIP,0.03354358673095703,2.951758623123169,962,521
92,KL-IG (linear),ResNet,0.12894272804260254,6.430122375488281,962,521
92,KL-IG (linear),ViT,0.11007297039031982,18.737960815429688,962,521
92,KL-IG (linear),CLIP,0.039658546447753906,3.259265661239624,962,521
92,KLIG-Adaptive,ResNet,0.08766371011734009,5.22751522064209,962,521
92,KLIG-Adaptive,ViT,0.1449252963066101,22.573104858398438,962,521
92,KLIG-Adaptive,CLIP,0.06995260715484619,4.298741817474365,962,521
92,IG,ResNet,0.12790143489837646,7.0042572021484375,962,521
92,IG,ViT,0.12340301275253296,22.282350540161133,962,521
92,IG,CLIP,0.08103567361831665,4.6340651512146,962,521
92,Random,ResNet,0.07158005237579346,5.229421138763428,962,521
92,Random,ViT,0.051796674728393555,13.049726486206055,962,521
92,Random,CLIP,0.03265106678009033,2.7594594955444336,962,521
223,KL-IG² (adaptive),ResNet,0.11975008249282837,7.401008605957031,522,574
223,KL-IG² (adaptive),ViT,0.06356823444366455,12.911883354187012,522,574
223,KL-IG² (adaptive),CLIP,0.10334783792495728,5.121925354003906,522,574
223,KL-IG²,ResNet,0.10095787048339844,7.148765563964844,522,574
223,KL-IG²,ViT,0.11267435550689697,18.10515594482422,522,574
223,KL-IG²,CLIP,0.11151111125946045,5.337869167327881,522,574
223,KL-IG (linear),ResNet,0.09760797023773193,6.8261637687683105,522,574
223,KL-IG (linear),ViT,0.09132468700408936,16.94464683532715,522,574
223,KL-IG (linear),CLIP,0.10700589418411255,5.275417327880859,522,574
223,KLIG-Adaptive,ResNet,0.09624183177947998,6.585731506347656,522,574
223,KLIG-Adaptive,ViT,0.1355501413345337,19.00041961669922,522,574
223,KLIG-Adaptive,CLIP,0.06322944164276123,4.0640869140625,522,574
223,IG,ResNet,0.10988497734069824,6.909759521484375,522,574
223,IG,ViT,0.09254169464111328,15.467226028442383,522,574
223,IG,CLIP,0.049286842346191406,3.6432440280914307,522,574
223,Random,ResNet,0.11016809940338135,7.186232566833496,522,574
223,Random,ViT,0.012688994407653809,5.994409561157227,522,574
223,Random,CLIP,0.01476287841796875,1.8901383876800537,522,574
192,KL-IG² (adaptive),ResNet,0.08561116456985474,6.309991836547852,831,520
192,KL-IG² (adaptive),ViT,0.23850339651107788,26.397703170776367,831,520
192,KL-IG² (adaptive),CLIP,0.04977011680603027,3.683262825012207,831,520
192,KL-IG²,ResNet,0.08191859722137451,6.159602642059326,831,520
192,KL-IG²,ViT,0.11398637294769287,19.680728912353516,831,520
192,KL-IG²,CLIP,0.02872002124786377,2.6416866779327393,831,520
192,KL-IG (linear),ResNet,0.06442290544509888,5.816667079925537,831,520
192,KL-IG (linear),ViT,0.14946091175079346,20.662567138671875,831,520
192,KL-IG (linear),CLIP,0.04870009422302246,3.590202808380127,831,520
192,KLIG-Adaptive,ResNet,0.09096747636795044,6.763204097747803,831,520
192,KLIG-Adaptive,ViT,0.15367478132247925,23.481687545776367,831,520
192,KLIG-Adaptive,CLIP,0.05894732475280762,3.9906833171844482,831,520
192,IG,ResNet,0.10533487796783447,7.5156941413879395,831,520
192,IG,ViT,0.25010061264038086,30.664098739624023,831,520
192,IG,CLIP,0.04593878984451294,3.586270570755005,831,520
192,Random,ResNet,0.08170098066329956,6.138869285583496,831,520
192,Random,ViT,0.047234535217285156,11.138522148132324,831,520
192,Random,CLIP,0.01794445514678955,2.119434356689453,831,520
78,KL-IG² (adaptive),ResNet,0.22492873668670654,10.56052017211914,955,956
78,KL-IG² (adaptive),ViT,0.22956609725952148,29.154232025146484,955,956
78,KL-IG² (adaptive),CLIP,0.08363795280456543,4.462875843048096,955,956
78,KL-IG²,ResNet,0.11201083660125732,7.920223236083984,955,956
78,KL-IG²,ViT,0.30459749698638916,34.44235610961914,955,956
78,KL-IG²,CLIP,0.05209708213806152,3.6166248321533203,955,956
78,KL-IG (linear),ResNet,0.0751081109046936,5.765507698059082,955,956
78,KL-IG (linear),ViT,0.1277698278427124,23.52698516845703,955,956
78,KL-IG (linear),CLIP,0.045954108238220215,3.436920642852783,955,956
78,KLIG-Adaptive,ResNet,0.09237414598464966,6.359013080596924,955,956
78,KLIG-Adaptive,ViT,0.20176446437835693,28.389062881469727,955,956
78,KLIG-Adaptive,CLIP,0.08411109447479248,4.681793212890625,955,956
78,IG,ResNet,0.07918679714202881,6.342806339263916,955,956
78,IG,ViT,0.12960714101791382,23.28666877746582,955,956
78,IG,CLIP,0.028154492378234863,2.732477903366089,955,956
78,Random,ResNet,0.03679203987121582,5.001357078552246,955,956
78,Random,ViT,0.037277936935424805,13.574638366699219,955,956
78,Random,CLIP,0.04005938768386841,3.0143885612487793,955,956
157,KL-IG² (adaptive),ResNet,0.11335456371307373,8.06500244140625,802,518
157,KL-IG² (adaptive),ViT,0.32948076725006104,31.717370986938477,802,518
157,KL-IG² (adaptive),CLIP,0.06597518920898438,4.245129585266113,802,518
157,KL-IG²,ResNet,0.060065507888793945,5.869149208068848,802,518
157,KL-IG²,ViT,0.16016137599945068,23.54829216003418,802,518
157,KL-IG²,CLIP,0.038734376430511475,3.356407403945923,802,518
157,KL-IG (linear),ResNet,0.08354824781417847,6.702101230621338,802,518
157,KL-IG (linear),ViT,0.15459120273590088,22.23118782043457,802,518
157,KL-IG (linear),CLIP,0.02879655361175537,2.8994929790496826,802,518
157,KLIG-Adaptive,ResNet,0.07671594619750977,6.428366661071777,802,518
157,KLIG-Adaptive,ViT,0.19099503755569458,27.8053035736084,802,518
157,KLIG-Adaptive,CLIP,0.07013821601867676,4.5450029373168945,802,518
157,IG,ResNet,0.048207759857177734,4.746901035308838,802,518
157,IG,ViT,0.0964125394821167,20.57674789428711,802,518
157,IG,CLIP,0.05966305732727051,4.064639568328857,802,518
157,Random,ResNet,0.09612345695495605,7.193365097045898,802,518
157,Random,ViT,0.16717684268951416,25.57653045654297,802,518
157,Random,CLIP,0.020029664039611816,2.319152355194092,802,518
33,KL-IG² (adaptive),ResNet,0.04247397184371948,4.439853668212891,449,519
33,KL-IG² (adaptive),ViT,0.14687097072601318,24.464019775390625,449,519
33,KL-IG² (adaptive),CLIP,0.0189855694770813,2.2776193618774414,449,519
33,KL-IG²,ResNet,0.05613148212432861,4.831696033477783,449,519
33,KL-IG²,ViT,0.08439528942108154,17.823850631713867,449,519
33,KL-IG²,CLIP,0.08724212646484375,4.88727331161499,449,519
33,KL-IG (linear),ResNet,0.034476637840270996,4.853187084197998,449,519
33,KL-IG (linear),ViT,0.10093498229980469,20.96656036376953,449,519
33,KL-IG (linear),CLIP,0.02466142177581787,2.640096664428711,449,519
33,KLIG-Adaptive,ResNet,0.07567131519317627,6.932888507843018,449,519
33,KLIG-Adaptive,ViT,0.10985440015792847,21.022918701171875,449,519
33,KLIG-Adaptive,CLIP,0.02426910400390625,2.6201391220092773,449,519
33,IG,ResNet,0.0598902702331543,6.216860771179199,449,519
33,IG,ViT,0.07216066122055054,17.222742080688477,449,519
33,IG,CLIP,0.020442068576812744,2.440636157989502,449,519
33,Random,ResNet,0.02973121404647827,2.8846096992492676,449,519
33,Random,ViT,0.07715094089508057,18.593591690063477,449,519
33,Random,CLIP,0.02121424674987793,2.3532357215881348,449,519
8,KL-IG² (adaptive),ResNet,0.1289117932319641,6.865992069244385,478,519
8,KL-IG² (adaptive),ViT,0.2008063793182373,25.624164581298828,478,519
8,KL-IG² (adaptive),CLIP,0.08348757028579712,4.235952854156494,478,519
8,KL-IG²,ResNet,0.07726949453353882,5.669816493988037,478,519
8,KL-IG²,ViT,0.1265096664428711,20.791601181030273,478,519
8,KL-IG²,CLIP,0.04086035490036011,3.136132001876831,478,519
8,KL-IG (linear),ResNet,0.09717249870300293,5.999740123748779,478,519
8,KL-IG (linear),ViT,0.07547235488891602,15.881617546081543,478,519
8,KL-IG (linear),CLIP,0.06072014570236206,3.9017722606658936,478,519
8,KLIG-Adaptive,ResNet,0.10225653648376465,6.021612644195557,478,519
8,KLIG-Adaptive,ViT,0.13512003421783447,21.056049346923828,478,519
8,KLIG-Adaptive,CLIP,0.09635269641876221,4.856020927429199,478,519
8,IG,ResNet,0.09574049711227417,6.302062511444092,478,519
8,IG,ViT,0.15944808721542358,24.198060989379883,478,519
8,IG,CLIP,0.05771374702453613,4.0682525634765625,478,519
8,Random,ResNet,0.05806952714920044,4.930762767791748,478,519
8,Random,ViT,0.050007760524749756,14.346846580505371,478,519
8,Random,CLIP,0.0315055251121521,2.658794403076172,478,519
188,KL-IG² (adaptive),ResNet,0.06789219379425049,4.937075614929199,526,548
188,KL-IG² (adaptive),ViT,0.30193841457366943,35.145591735839844,526,548
188,KL-IG² (adaptive),CLIP,0.04972708225250244,3.8183841705322266,526,548
188,KL-IG²,ResNet,0.07583189010620117,5.718599319458008,526,548
188,KL-IG²,ViT,0.13350605964660645,23.89226531982422,526,548
188,KL-IG²,CLIP,0.01781594753265381,2.289579153060913,526,548
188,KL-IG (linear),ResNet,0.12232756614685059,7.212785720825195,526,548
188,KL-IG (linear),ViT,0.34411776065826416,36.533321380615234,526,548
188,KL-IG (linear),CLIP,0.04047870635986328,3.439962387084961,526,548
188,KLIG-Adaptive,ResNet,0.08510714769363403,5.851094722747803,526,548
188,KLIG-Adaptive,ViT,0.17956805229187012,26.765567779541016,526,548
188,KLIG-Adaptive,CLIP,0.022561073303222656,2.5462796688079834,526,548
188,IG,ResNet,0.0610051155090332,4.778675079345703,526,548
188,IG,ViT,0.21159052848815918,29.726648330688477,526,548
188,IG,CLIP,0.014531075954437256,2.0522360801696777,526,548
188,Random,ResNet,0.06355607509613037,5.7299699783325195,526,548
188,Random,ViT,0.10213422775268555,21.68061637878418,526,548
188,Random,CLIP,0.024887442588806152,2.731510877609253,526,548
206,KL-IG² (adaptive),ResNet,0.10553407669067383,5.913097858428955,582,950
206,KL-IG² (adaptive),ViT,0.15008878707885742,26.062728881835938,582,950
206,KL-IG² (adaptive),CLIP,0.12611132860183716,5.671911239624023,582,950
206,KL-IG²,ResNet,0.07034569978713989,4.646943092346191,582,950
206,KL-IG²,ViT,0.15510737895965576,24.85662078857422,582,950
206,KL-IG²,CLIP,0.08708864450454712,4.6959919929504395,582,950
206,KL-IG (linear),ResNet,0.06597453355789185,4.526270866394043,582,950
206,KL-IG (linear),ViT,0.13286900520324707,20.67441749572754,582,950
206,KL-IG (linear),CLIP,0.05258595943450928,3.7117388248443604,582,950
206,KLIG-Adaptive,ResNet,0.08377635478973389,5.156840801239014,582,950
206,KLIG-Adaptive,ViT,0.06327396631240845,13.567543029785156,582,950
206,KLIG-Adaptive,CLIP,0.05013728141784668,3.6693241596221924,582,950
206,IG,ResNet,0.0491490364074707,4.746988296508789,582,950
206,IG,ViT,0.17358076572418213,26.306640625,582,950
206,IG,CLIP,0.027258872985839844,2.6906986236572266,582,950
206,Random,ResNet,0.05791175365447998,4.908212661743164,582,950
206,Random,ViT,0.040837645530700684,13.025945663452148,582,950
206,Random,CLIP,0.04567897319793701,3.175764322280884,582,950
111,KL-IG² (adaptive),ResNet,0.18013030290603638,9.214624404907227,691,796
111,KL-IG² (adaptive),ViT,0.3143707513809204,34.234825134277344,691,796
111,KL-IG² (adaptive),CLIP,0.1190330982208252,5.605218887329102,691,796
111,KL-IG²,ResNet,0.0685114860534668,5.728370189666748,691,796
111,KL-IG²,ViT,0.21699810028076172,28.549041748046875,691,796
111,KL-IG²,CLIP,0.12006807327270508,5.7429327964782715,691,796
111,KL-IG (linear),ResNet,0.07253515720367432,6.820301055908203,691,796
111,KL-IG (linear),ViT,0.1381148099899292,24.08415412902832,691,796
111,KL-IG (linear),CLIP,0.03561842441558838,3.148543119430542,691,796
111,KLIG-Adaptive,ResNet,0.15473270416259766,9.039102554321289,691,796
111,KLIG-Adaptive,ViT,0.34174084663391113,36.42062759399414,691,796
111,KLIG-Adaptive,CLIP,0.06163477897644043,4.053129196166992,691,796
111,IG,ResNet,0.0792165994644165,6.303358554840088,691,796
111,IG,ViT,0.14229941368103027,24.307830810546875,691,796
111,IG,CLIP,0.04889571666717529,3.6947786808013916,691,796
111,Random,ResNet,0.07733678817749023,5.03886079788208,691,796
111,Random,ViT,0.08988332748413086,20.06673812866211,691,796
111,Random,CLIP,0.0326688289642334,2.989161252975464,691,796
158,KL-IG² (adaptive),ResNet,0.07225602865219116,6.474305152893066,912,743
158,KL-IG² (adaptive),ViT,0.15443682670593262,21.738662719726562,912,743
158,KL-IG² (adaptive),CLIP,0.03309661149978638,3.1103463172912598,912,743
158,KL-IG²,ResNet,0.048932433128356934,5.033041477203369,912,743
158,KL-IG²,ViT,0.19525927305221558,26.142080307006836,912,743
158,KL-IG²,CLIP,0.03286921977996826,3.1011531352996826,912,743
158,KL-IG (linear),ResNet,0.059157729148864746,5.270948886871338,912,743
158,KL-IG (linear),ViT,0.19147789478302002,25.735836029052734,912,743
158,KL-IG (linear),CLIP,0.014157891273498535,1.9996905326843262,912,743
158,KLIG-Adaptive,ResNet,0.10275685787200928,7.314087867736816,912,743
158,KLIG-Adaptive,ViT,0.2408965826034546,29.42039680480957,912,743
158,KLIG-Adaptive,CLIP,0.02335035800933838,2.5970726013183594,912,743
158,IG,ResNet,0.1139494776725769,7.630221843719482,912,743
158,IG,ViT,0.13613498210906982,21.234241485595703,912,743
158,IG,CLIP,0.015503466129302979,2.109330177307129,912,743
158,Random,ResNet,0.04594177007675171,4.171418190002441,912,743
158,Random,ViT,0.044547975063323975,12.443961143493652,912,743
158,Random,CLIP,0.0188443660736084,2.217939615249634,912,743
212,KL-IG² (adaptive),ResNet,0.10194110870361328,6.11702823638916,765,706
212,KL-IG² (adaptive),ViT,0.33131885528564453,32.25978088378906,765,706
212,KL-IG² (adaptive),CLIP,0.03971695899963379,3.2649011611938477,765,706
212,KL-IG²,ResNet,0.15017932653427124,7.951626777648926,765,706
212,KL-IG²,ViT,0.16823285818099976,23.577648162841797,765,706
212,KL-IG²,CLIP,0.03903627395629883,3.272773265838623,765,706
212,KL-IG (linear),ResNet,0.08646923303604126,6.231674671173096,765,706
212,KL-IG (linear),ViT,0.15173131227493286,23.21474838256836,765,706
212,KL-IG (linear),CLIP,0.05389219522476196,3.8105430603027344,765,706
212,KLIG-Adaptive,ResNet,0.08325648307800293,6.104382038116455,765,706
212,KLIG-Adaptive,ViT,0.10126513242721558,20.064321517944336,765,706
212,KLIG-Adaptive,CLIP,0.021583914756774902,2.468825578689575,765,706
212,IG,ResNet,0.11074572801589966,7.849408149719238,765,706
212,IG,ViT,0.22579342126846313,29.995237350463867,765,706
212,IG,CLIP,0.08902359008789062,4.9432549476623535,765,706
212,Random,ResNet,0.07677328586578369,5.735918998718262,765,706
212,Random,ViT,0.08597862720489502,18.785831451416016,765,706
212,Random,CLIP,0.02052628993988037,2.344818353652954,765,706
200,KL-IG² (adaptive),ResNet,0.10541760921478271,7.66886568069458,751,518
200,KL-IG² (adaptive),ViT,0.13412761688232422,19.728221893310547,751,518
200,KL-IG² (adaptive),CLIP,0.2797969579696655,8.317628860473633,751,518
200,KL-IG²,ResNet,0.08108443021774292,7.084206581115723,751,518
200,KL-IG²,ViT,0.08657312393188477,15.995131492614746,751,518
200,KL-IG²,CLIP,0.12885922193527222,5.625726222991943,751,518
200,KL-IG (linear),ResNet,0.11081349849700928,7.596175670623779,751,518
200,KL-IG (linear),ViT,0.16142898797988892,22.253734588623047,751,518
200,KL-IG (linear),CLIP,0.06255286931991577,3.9824578762054443,751,518
200,KLIG-Adaptive,ResNet,0.12625157833099365,7.657228946685791,751,518
200,KLIG-Adaptive,ViT,0.190210223197937,24.564579010009766,751,518
200,KLIG-Adaptive,CLIP,0.0392184853553772,3.1583139896392822,751,518
200,IG,ResNet,0.08378362655639648,6.179169654846191,751,518
200,IG,ViT,0.2167542576789856,26.68853187561035,751,518
200,IG,CLIP,0.10053569078445435,4.9620256423950195,751,518
200,Random,ResNet,0.0417519211769104,5.0645246505737305,751,518
200,Random,ViT,0.02863895893096924,9.994047164916992,751,518
200,Random,CLIP,0.014774680137634277,1.7491123676300049,751,518
124,KL-IG² (adaptive),ResNet,0.0685722827911377,5.5043487548828125,789,729
124,KL-IG² (adaptive),ViT,0.15172535181045532,21.083627700805664,789,729
124,KL-IG² (adaptive),CLIP,0.035301029682159424,3.1767749786376953,789,729
124,KL-IG²,ResNet,0.07146269083023071,5.444895267486572,789,729
124,KL-IG²,ViT,0.17792600393295288,24.138465881347656,789,729
124,KL-IG²,CLIP,0.03971970081329346,3.3598921298980713,789,729
124,KL-IG (linear),ResNet,0.03953206539154053,3.929307460784912,789,729
124,KL-IG (linear),ViT,0.11010158061981201,20.75157356262207,789,729
124,KL-IG (linear),CLIP,0.023647964000701904,2.55602765083313,789,729
124,KLIG-Adaptive,ResNet,0.05954629182815552,4.823462963104248,789,729
124,KLIG-Adaptive,ViT,0.19396871328353882,27.883909225463867,789,729
124,KLIG-Adaptive,CLIP,0.01607990264892578,2.126232147216797,789,729
124,IG,ResNet,0.036813199520111084,3.831808090209961,789,729
124,IG,ViT,0.06976151466369629,16.44464111328125,789,729
124,IG,CLIP,0.006348967552185059,1.2987788915634155,789,729
124,Random,ResNet,0.031212449073791504,3.9816572666168213,789,729
124,Random,ViT,0.13475704193115234,21.185483932495117,789,729
124,Random,CLIP,0.032422423362731934,3.080301284790039,789,729
167,KL-IG² (adaptive),ResNet,0.09914243221282959,6.378161907196045,520,516
167,KL-IG² (adaptive),ViT,0.15955591201782227,22.40560531616211,520,516
167,KL-IG² (adaptive),CLIP,0.05936145782470703,3.9044227600097656,520,516
167,KL-IG²,ResNet,0.049964070320129395,4.72908353805542,520,516
167,KL-IG²,ViT,0.11181807518005371,18.24258804321289,520,516
167,KL-IG²,CLIP,0.02434539794921875,2.5192952156066895,520,516
167,KL-IG (linear),ResNet,0.05411750078201294,4.719814300537109,520,516
167,KL-IG (linear),ViT,0.09585893154144287,17.430341720581055,520,516
167,KL-IG (linear),CLIP,0.028567969799041748,2.762589931488037,520,516
167,KLIG-Adaptive,ResNet,0.06612169742584229,5.5866312980651855,520,516
167,KLIG-Adaptive,ViT,0.10267746448516846,17.972061157226562,520,516
167,KLIG-Adaptive,CLIP,0.045367300510406494,3.591193675994873,520,516
167,IG,ResNet,0.04263508319854736,4.741522312164307,520,516
167,IG,ViT,0.05566048622131348,13.279088020324707,520,516
167,IG,CLIP,0.036238789558410645,3.1942312717437744,520,516
167,Random,ResNet,0.08844888210296631,5.66831111907959,520,516
167,Random,ViT,0.06221628189086914,13.551177978515625,520,516
167,Random,CLIP,0.026616692543029785,2.5747311115264893,520,516
112,KL-IG² (adaptive),ResNet,0.06624138355255127,5.03457498550415,926,521
112,KL-IG² (adaptive),ViT,0.13103091716766357,17.605266571044922,926,521
112,KL-IG² (adaptive),CLIP,0.07571446895599365,4.461137771606445,926,521
112,KL-IG²,ResNet,0.05083739757537842,4.276341438293457,926,521
112,KL-IG²,ViT,0.11070430278778076,16.31292724609375,926,521
112,KL-IG²,CLIP,0.03448754549026489,2.944284200668335,926,521
112,KL-IG (linear),ResNet,0.06094861030578613,4.781309604644775,926,521
112,KL-IG (linear),ViT,0.14254236221313477,21.502479553222656,926,521
112,KL-IG (linear),CLIP,0.05191528797149658,3.763273000717163,926,521
112,KLIG-Adaptive,ResNet,0.10390329360961914,6.378139495849609,926,521
112,KLIG-Adaptive,ViT,0.1956312656402588,25.518308639526367,926,521
112,KLIG-Adaptive,CLIP,0.04862964153289795,3.6784441471099854,926,521
112,IG,ResNet,0.06948214769363403,5.81863260269165,926,521
112,IG,ViT,0.17687296867370605,23.69402503967285,926,521
112,IG,CLIP,0.10684239864349365,5.426461696624756,926,521
112,Random,ResNet,0.03514599800109863,3.4445383548736572,926,521
112,Random,ViT,0.036725521087646484,9.531367301940918,926,521
112,Random,CLIP,0.02195143699645996,2.3671231269836426,926,521
134,KL-IG² (adaptive),ResNet,0.07466471195220947,5.590793132781982,521,926
134,KL-IG² (adaptive),ViT,0.14050090312957764,19.090024948120117,521,926
134,KL-IG² (adaptive),CLIP,0.05883967876434326,3.7517335414886475,521,926
134,KL-IG²,ResNet,0.0803716778755188,5.989949703216553,521,926
134,KL-IG²,ViT,0.13560736179351807,19.860044479370117,521,926
134,KL-IG²,CLIP,0.0211716890335083,2.2820374965667725,521,926
134,KL-IG (linear),ResNet,0.07573354244232178,5.006194114685059,521,926
134,KL-IG (linear),ViT,0.0715489387512207,13.996655464172363,521,926
134,KL-IG (linear),CLIP,0.029838144779205322,2.677025079727173,521,926
134,KLIG-Adaptive,ResNet,0.07139348983764648,4.565883636474609,521,926
134,KLIG-Adaptive,ViT,0.0834420919418335,15.107555389404297,521,926
134,KLIG-Adaptive,CLIP,0.024105846881866455,2.4073002338409424,521,926
134,IG,ResNet,0.028548061847686768,3.569197416305542,521,926
134,IG,ViT,0.1039348840713501,16.937793731689453,521,926
134,IG,CLIP,0.020398974418640137,2.3501367568969727,521,926
134,Random,ResNet,0.044649481773376465,3.763735055923462,521,926
134,Random,ViT,0.023860454559326172,8.81213092803955,521,926
134,Random,CLIP,0.020248115062713623,2.133699417114258,521,926
118,KL-IG² (adaptive),ResNet,0.15848219394683838,9.445367813110352,431,520
118,KL-IG² (adaptive),ViT,0.19168329238891602,26.232641220092773,431,520
118,KL-IG² (adaptive),CLIP,0.04110300540924072,3.3051109313964844,431,520
118,KL-IG²,ResNet,0.08448934555053711,6.868048191070557,431,520
118,KL-IG²,ViT,0.20979267358779907,26.508058547973633,431,520
118,KL-IG²,CLIP,0.017320215702056885,2.1382060050964355,431,520
118,KL-IG (linear),ResNet,0.09348410367965698,7.011219501495361,431,520
118,KL-IG (linear),ViT,0.07777059078216553,15.799762725830078,431,520
118,KL-IG (linear),CLIP,0.02786201238632202,2.8084561824798584,431,520
118,KLIG-Adaptive,ResNet,0.09247547388076782,6.815378189086914,431,520
118,KLIG-Adaptive,ViT,0.1852855682373047,26.021127700805664,431,520
118,KLIG-Adaptive,CLIP,0.03531050682067871,3.074646472930908,431,520
118,IG,ResNet,0.07932424545288086,6.8738813400268555,431,520
118,IG,ViT,0.07932531833648682,18.83313751220703,431,520
118,IG,CLIP,0.026655972003936768,2.730677604675293,431,520
118,Random,ResNet,0.08148699998855591,6.247720718383789,431,520
118,Random,ViT,0.021525084972381592,8.582379341125488,431,520
118,Random,CLIP,0.04138517379760742,3.225076675415039,431,520
88,KL-IG² (adaptive),ResNet,0.06540173292160034,4.745281219482422,520,516
88,KL-IG² (adaptive),ViT,0.03969287872314453,10.150808334350586,520,516
88,KL-IG² (adaptive),CLIP,0.01896500587463379,2.2003400325775146,520,516
88,KL-IG²,ResNet,0.05601060390472412,4.413470268249512,520,516
88,KL-IG²,ViT,0.09449493885040283,14.944271087646484,520,516
88,KL-IG²,CLIP,0.028703927993774414,2.722189426422119,520,516
88,KL-IG (linear),ResNet,0.056365966796875,4.57657527923584,520,516
88,KL-IG (linear),ViT,0.10105717182159424,16.054641723632812,520,516
88,KL-IG (linear),CLIP,0.016323089599609375,2.108896255493164,520,516
88,KLIG-Adaptive,ResNet,0.04603290557861328,3.972194194793701,520,516
88,KLIG-Adaptive,ViT,0.14254307746887207,19.665355682373047,520,516
88,KLIG-Adaptive,CLIP,0.03451073169708252,3.029883861541748,520,516
88,IG,ResNet,0.0601654052734375,4.408628463745117,520,516
88,IG,ViT,0.08493506908416748,15.267714500427246,520,516
88,IG,CLIP,0.01385730504989624,1.9346040487289429,520,516
88,Random,ResNet,0.05581831932067871,3.4346725940704346,520,516
88,Random,ViT,0.027977943420410156,8.386163711547852,520,516
88,Random,CLIP,0.026484012603759766,2.4806323051452637,520,516
65,KL-IG² (adaptive),ResNet,0.06675738096237183,4.950996398925781,926,521
65,KL-IG² (adaptive),ViT,0.2450622320175171,26.911067962646484,926,521
65,KL-IG² (adaptive),CLIP,0.0665397047996521,4.03832483291626,926,521
65,KL-IG²,ResNet,0.03888005018234253,3.957782745361328,926,521
65,KL-IG²,ViT,0.14761638641357422,20.665714263916016,926,521
65,KL-IG²,CLIP,0.057976722717285156,3.7515270709991455,926,521
65,KL-IG (linear),ResNet,0.10278517007827759,5.979922771453857,926,521
65,KL-IG (linear),ViT,0.08696997165679932,14.877882957458496,926,521
65,KL-IG (linear),CLIP,0.035846590995788574,3.0397682189941406,926,521
65,KLIG-Adaptive,ResNet,0.05434918403625488,4.260702610015869,926,521
65,KLIG-Adaptive,ViT,0.08464568853378296,14.570538520812988,926,521
65,KLIG-Adaptive,CLIP,0.04965555667877197,3.6058237552642822,926,521
65,IG,ResNet,0.08395063877105713,5.950424671173096,926,521
65,IG,ViT,0.3245875835418701,29.603351593017578,926,521
65,IG,CLIP,0.10143780708312988,5.292796611785889,926,521
65,Random,ResNet,0.026785433292388916,2.950054883956909,926,521
65,Random,ViT,0.017070412635803223,6.9597578048706055,926,521
65,Random,CLIP,0.02942711114883423,2.667961835861206,926,521
208,KL-IG² (adaptive),ResNet,0.08571064472198486,6.84311580657959,518,678
208,KL-IG² (adaptive),ViT,0.20981073379516602,27.40662384033203,518,678
208,KL-IG² (adaptive),CLIP,0.04391670227050781,3.4214017391204834,518,678
208,KL-IG²,ResNet,0.053555965423583984,5.6029791831970215,518,678
208,KL-IG²,ViT,0.17950177192687988,26.349088668823242,518,678
208,KL-IG²,CLIP,0.017608284950256348,2.125966787338257,518,678
208,KL-IG (linear),ResNet,0.07431131601333618,6.199393272399902,518,678
208,KL-IG (linear),ViT,0.16185319423675537,22.784189224243164,518,678
208,KL-IG (linear),CLIP,0.07047969102859497,4.262079238891602,518,678
208,KLIG-Adaptive,ResNet,0.09728467464447021,6.900143146514893,518,678
208,KLIG-Adaptive,ViT,0.1376255750656128,20.41807746887207,518,678
208,KLIG-Adaptive,CLIP,0.10446822643280029,5.260246753692627,518,678
208,IG,ResNet,0.06671905517578125,5.87575101852417,518,678
208,IG,ViT,0.12878131866455078,20.459348678588867,518,678
208,IG,CLIP,0.06167787313461304,3.8958518505096436,518,678
208,Random,ResNet,0.0684506893157959,6.060501575469971,518,678
208,Random,ViT,0.07074892520904541,15.786208152770996,518,678
208,Random,CLIP,0.017288029193878174,2.107804298400879,518,678
176,KL-IG² (adaptive),ResNet,0.17293572425842285,9.74953842163086,671,518
176,KL-IG² (adaptive),ViT,0.34581512212753296,36.82627487182617,671,518
176,KL-IG² (adaptive),CLIP,0.0738295316696167,4.185213088989258,671,518
176,KL-IG²,ResNet,0.06828612089157104,6.261649131774902,671,518
176,KL-IG²,ViT,0.10305804014205933,20.95030403137207,671,518
176,KL-IG²,CLIP,0.07647371292114258,4.329784393310547,671,518
176,KL-IG (linear),ResNet,0.09391391277313232,7.316814422607422,671,518
176,KL-IG (linear),ViT,0.2649766206741333,33.065345764160156,671,518
176,KL-IG (linear),CLIP,0.045307815074920654,3.4052507877349854,671,518
176,KLIG-Adaptive,ResNet,0.08976870775222778,7.447070598602295,671,518
176,KLIG-Adaptive,ViT,0.24335873126983643,32.540733337402344,671,518
176,KLIG-Adaptive,CLIP,0.1052323579788208,5.210933685302734,671,518
176,IG,ResNet,0.048564016819000244,5.57106876373291,671,518
176,IG,ViT,0.228867769241333,32.352500915527344,671,518
176,IG,CLIP,0.03528034687042236,3.083789825439453,671,518
176,Random,ResNet,0.0674942135810852,5.791038990020752,671,518
176,Random,ViT,0.04489719867706299,12.72729778289795,671,518
176,Random,CLIP,0.026692867279052734,2.434385061264038,671,518
214,KL-IG² (adaptive),ResNet,0.10985523462295532,6.198672771453857,519,492
214,KL-IG² (adaptive),ViT,0.23345202207565308,26.01975440979004,519,492
214,KL-IG² (adaptive),CLIP,0.04372972249984741,3.5226988792419434,519,492
214,KL-IG²,ResNet,0.06090444326400757,4.7909064292907715,519,492
214,KL-IG²,ViT,0.27653002738952637,28.744163513183594,519,492
214,KL-IG²,CLIP,0.02750074863433838,2.7026724815368652,519,492
214,KL-IG (linear),ResNet,0.04797708988189697,4.438812255859375,519,492
214,KL-IG (linear),ViT,0.11462867259979248,17.654726028442383,519,492
214,KL-IG (linear),CLIP,0.04391121864318848,3.4639484882354736,519,492
214,KLIG-Adaptive,ResNet,0.10059750080108643,6.395746231079102,519,492
214,KLIG-Adaptive,ViT,0.28762757778167725,28.931419372558594,519,492
214,KLIG-Adaptive,CLIP,0.07052415609359741,4.3937602043151855,519,492
214,IG,ResNet,0.08088403940200806,6.0981597900390625,519,492
214,IG,ViT,0.1859513521194458,23.609004974365234,519,492
214,IG,CLIP,0.07950097322463989,4.670443534851074,519,492
214,Random,ResNet,0.04028511047363281,4.043753147125244,519,492
214,Random,ViT,0.042530059814453125,11.909027099609375,519,492
214,Random,CLIP,0.02397465705871582,2.4947755336761475,519,492
58,KL-IG² (adaptive),ResNet,0.05338311195373535,4.571864604949951,520,516
58,KL-IG² (adaptive),ViT,0.12296056747436523,17.292388916015625,520,516
58,KL-IG² (adaptive),CLIP,0.043997764587402344,3.3412938117980957,520,516
58,KL-IG²,ResNet,0.07947862148284912,5.487718105316162,520,516
58,KL-IG²,ViT,0.16251564025878906,19.5845890045166,520,516
58,KL-IG²,CLIP,0.03378516435623169,2.8317601680755615,520,516
58,KL-IG (linear),ResNet,0.08270692825317383,5.856107234954834,520,516
58,KL-IG (linear),ViT,0.18936455249786377,22.254966735839844,520,516
58,KL-IG (linear),CLIP,0.04273343086242676,3.4587862491607666,520,516
58,KLIG-Adaptive,ResNet,0.05736267566680908,4.58679723739624,520,516
58,KLIG-Adaptive,ViT,0.12381243705749512,17.521520614624023,520,516
58,KLIG-Adaptive,CLIP,0.0161818265914917,2.1147048473358154,520,516
58,IG,ResNet,0.04283761978149414,3.956778049468994,520,516
58,IG,ViT,0.14147621393203735,18.976938247680664,520,516
58,IG,CLIP,0.016613304615020752,2.089991331100464,520,516
58,Random,ResNet,0.05073964595794678,3.7843637466430664,520,516
58,Random,ViT,0.022957205772399902,7.4783854484558105,520,516
58,Random,CLIP,0.0444638729095459,3.276165008544922,520,516
